[{"model": "admin.logentry", "pk": 148, "fields": {"action_time": "2023-03-16T13:57:03.545Z", "user": 10, "content_type": 6, "object_id": "10", "object_repr": "kirill", "action_flag": 2, "change_message": "[{\"changed\": {\"fields\": [\"\\u041f\\u043e\\u0434\\u0442\\u0432\\u0435\\u0440\\u0436\\u0434\\u0435\\u043d\\u0430 \\u043f\\u043e\\u0447\\u0442\\u0430\"]}}]"}}, {"model": "admin.logentry", "pk": 149, "fields": {"action_time": "2023-03-16T14:24:41.041Z", "user": 10, "content_type": 6, "object_id": "10", "object_repr": "kirill", "action_flag": 2, "change_message": "[{\"added\": {\"name\": \"basket item\", \"object\": \"\\u041a\\u043e\\u0440\\u0437\\u0438\\u043d\\u0430 \\u0434\\u043b\\u044f kirill.301522@gmail.com | \\u0418\\u0433\\u0440\\u0430: Rust\"}}]"}}, {"model": "admin.logentry", "pk": 150, "fields": {"action_time": "2023-03-17T12:02:19.074Z", "user": 10, "content_type": 6, "object_id": "10", "object_repr": "kirill", "action_flag": 2, "change_message": "[{\"changed\": {\"name\": \"basket item\", \"object\": \"\\u041a\\u043e\\u0440\\u0437\\u0438\\u043d\\u0430 \\u0434\\u043b\\u044f kirill.301522@gmail.com | \\u0418\\u0433\\u0440\\u0430: Rust\", \"fields\": [\"Quantity\"]}}]"}}, {"model": "admin.logentry", "pk": 151, "fields": {"action_time": "2023-03-17T12:08:12.308Z", "user": 10, "content_type": 6, "object_id": "10", "object_repr": "kirill", "action_flag": 2, "change_message": "[{\"added\": {\"name\": \"basket item\", \"object\": \"\\u041a\\u043e\\u0440\\u0437\\u0438\\u043d\\u0430 \\u0434\\u043b\\u044f kirill.301522@gmail.com | \\u0418\\u0433\\u0440\\u0430: Call of Duty: Black Ops 3\"}}]"}}, {"model": "admin.logentry", "pk": 152, "fields": {"action_time": "2023-03-17T12:08:21.210Z", "user": 10, "content_type": 6, "object_id": "10", "object_repr": "kirill", "action_flag": 2, "change_message": "[{\"added\": {\"name\": \"basket item\", \"object\": \"\\u041a\\u043e\\u0440\\u0437\\u0438\\u043d\\u0430 \\u0434\\u043b\\u044f kirill.301522@gmail.com | \\u0418\\u0433\\u0440\\u0430: The Last of Us Remastered\"}}]"}}, {"model": "admin.logentry", "pk": 153, "fields": {"action_time": "2023-03-19T04:04:58.332Z", "user": 10, "content_type": 18, "object_id": "10", "object_repr": "cc65c3cf6a395bf0e5013498145c15217ff4a61a", "action_flag": 1, "change_message": "[{\"added\": {}}]"}}, {"model": "admin.logentry", "pk": 154, "fields": {"action_time": "2023-03-19T04:09:34.920Z", "user": 10, "content_type": 6, "object_id": "9", "object_repr": "Alexandr_Fedorchuk", "action_flag": 3, "change_message": ""}}, {"model": "admin.logentry", "pk": 155, "fields": {"action_time": "2023-03-19T11:55:56.138Z", "user": 10, "content_type": 6, "object_id": "11", "object_repr": "Alexandr_Fedorchuk", "action_flag": 3, "change_message": ""}}, {"model": "admin.logentry", "pk": 156, "fields": {"action_time": "2023-03-19T13:16:01.241Z", "user": 10, "content_type": 6, "object_id": "10", "object_repr": "kirill", "action_flag": 2, "change_message": "[{\"added\": {\"name\": \"basket item\", \"object\": \"\\u041a\\u043e\\u0440\\u0437\\u0438\\u043d\\u0430 \\u0434\\u043b\\u044f kirill.301522@gmail.com | \\u0418\\u0433\\u0440\\u0430: \\u0412\\u0435\\u0434\\u044c\\u043c\\u0430\\u043a 3: \\u0414\\u0438\\u043a\\u0430\\u044f \\u043e\\u0445\\u043e\\u0442\\u0430\"}}]"}}, {"model": "admin.logentry", "pk": 157, "fields": {"action_time": "2023-03-20T11:33:02.413Z", "user": 10, "content_type": 15, "object_id": "17", "object_repr": "Заказ номер 17. Kirill Li ", "action_flag": 3, "change_message": ""}}, {"model": "admin.logentry", "pk": 158, "fields": {"action_time": "2023-03-20T11:33:02.420Z", "user": 10, "content_type": 15, "object_id": "16", "object_repr": "Заказ номер 16. Kirill Li ", "action_flag": 3, "change_message": ""}}, {"model": "admin.logentry", "pk": 159, "fields": {"action_time": "2023-03-20T11:33:02.422Z", "user": 10, "content_type": 15, "object_id": "15", "object_repr": "Заказ номер 15. Kirill Li ", "action_flag": 3, "change_message": ""}}, {"model": "admin.logentry", "pk": 160, "fields": {"action_time": "2023-03-20T11:33:02.423Z", "user": 10, "content_type": 15, "object_id": "14", "object_repr": "Заказ номер 14. Kirill Li ", "action_flag": 3, "change_message": ""}}, {"model": "admin.logentry", "pk": 161, "fields": {"action_time": "2023-03-20T11:33:02.424Z", "user": 10, "content_type": 15, "object_id": "13", "object_repr": "Заказ номер 13. Kirill Li ", "action_flag": 3, "change_message": ""}}, {"model": "admin.logentry", "pk": 162, "fields": {"action_time": "2023-03-20T11:33:02.425Z", "user": 10, "content_type": 15, "object_id": "12", "object_repr": "Заказ номер 12. Kirill Li ", "action_flag": 3, "change_message": ""}}, {"model": "admin.logentry", "pk": 163, "fields": {"action_time": "2023-03-20T11:33:02.426Z", "user": 10, "content_type": 15, "object_id": "11", "object_repr": "Заказ номер 11. Kirill Li ", "action_flag": 3, "change_message": ""}}, {"model": "admin.logentry", "pk": 164, "fields": {"action_time": "2023-03-20T11:33:02.427Z", "user": 10, "content_type": 15, "object_id": "10", "object_repr": "Заказ номер 10. Kirill Li ", "action_flag": 3, "change_message": ""}}, {"model": "admin.logentry", "pk": 165, "fields": {"action_time": "2023-03-20T11:33:02.428Z", "user": 10, "content_type": 15, "object_id": "9", "object_repr": "Заказ номер 9. Kirill Li ", "action_flag": 3, "change_message": ""}}, {"model": "admin.logentry", "pk": 166, "fields": {"action_time": "2023-03-20T11:33:02.429Z", "user": 10, "content_type": 15, "object_id": "8", "object_repr": "Заказ номер 8. Kirill Li ", "action_flag": 3, "change_message": ""}}, {"model": "admin.logentry", "pk": 167, "fields": {"action_time": "2023-03-20T11:33:02.430Z", "user": 10, "content_type": 15, "object_id": "7", "object_repr": "Заказ номер 7. Kirill Li ", "action_flag": 3, "change_message": ""}}, {"model": "admin.logentry", "pk": 168, "fields": {"action_time": "2023-03-20T11:33:02.432Z", "user": 10, "content_type": 15, "object_id": "6", "object_repr": "Заказ номер 6. Kirill Li ", "action_flag": 3, "change_message": ""}}, {"model": "admin.logentry", "pk": 169, "fields": {"action_time": "2023-03-20T11:33:02.434Z", "user": 10, "content_type": 15, "object_id": "5", "object_repr": "Заказ номер 5. Kirill Li ", "action_flag": 3, "change_message": ""}}, {"model": "admin.logentry", "pk": 170, "fields": {"action_time": "2023-03-20T11:33:02.437Z", "user": 10, "content_type": 15, "object_id": "4", "object_repr": "Заказ номер 4. Kirill Li ", "action_flag": 3, "change_message": ""}}, {"model": "admin.logentry", "pk": 171, "fields": {"action_time": "2023-03-20T11:33:02.439Z", "user": 10, "content_type": 15, "object_id": "3", "object_repr": "Заказ номер 3. Kirill Li ", "action_flag": 3, "change_message": ""}}, {"model": "admin.logentry", "pk": 172, "fields": {"action_time": "2023-03-20T11:33:02.441Z", "user": 10, "content_type": 15, "object_id": "2", "object_repr": "Заказ номер 2. Kirill Li ", "action_flag": 3, "change_message": ""}}, {"model": "admin.logentry", "pk": 173, "fields": {"action_time": "2023-03-20T11:33:02.443Z", "user": 10, "content_type": 15, "object_id": "1", "object_repr": "Заказ номер 1. Kirill Li ", "action_flag": 3, "change_message": ""}}, {"model": "admin.logentry", "pk": 174, "fields": {"action_time": "2023-03-20T11:42:45.027Z", "user": 10, "content_type": 8, "object_id": "163", "object_repr": "Fallout 2", "action_flag": 2, "change_message": "[{\"added\": {\"name\": \"rating\", \"object\": \"Fallout 2: 5\"}}]"}}, {"model": "admin.logentry", "pk": 175, "fields": {"action_time": "2023-03-20T11:42:54.997Z", "user": 10, "content_type": 8, "object_id": "163", "object_repr": "Fallout 2", "action_flag": 3, "change_message": ""}}, {"model": "admin.logentry", "pk": 176, "fields": {"action_time": "2023-03-21T00:36:43.743Z", "user": 10, "content_type": 8, "object_id": "114", "object_repr": "Marvel's Spider-Man", "action_flag": 3, "change_message": ""}}, {"model": "admin.logentry", "pk": 177, "fields": {"action_time": "2023-03-21T00:39:43.464Z", "user": 10, "content_type": 8, "object_id": "4", "object_repr": "Rust", "action_flag": 2, "change_message": "[{\"deleted\": {\"name\": \"rating\", \"object\": \"Rust: 5\"}}, {\"deleted\": {\"name\": \"rating\", \"object\": \"Rust: 4\"}}, {\"deleted\": {\"name\": \"rating\", \"object\": \"Rust: 2\"}}]"}}, {"model": "admin.logentry", "pk": 178, "fields": {"action_time": "2023-03-21T13:28:23.967Z", "user": 10, "content_type": 6, "object_id": "10", "object_repr": "kirill", "action_flag": 2, "change_message": "[{\"deleted\": {\"name\": \"basket item\", \"object\": \"\\u041a\\u043e\\u0440\\u0437\\u0438\\u043d\\u0430 \\u0434\\u043b\\u044f kirill.301522@gmail.com | \\u0418\\u0433\\u0440\\u0430: \\u0412\\u0435\\u0434\\u044c\\u043c\\u0430\\u043a 3: \\u0414\\u0438\\u043a\\u0430\\u044f \\u043e\\u0445\\u043e\\u0442\\u0430\"}}, {\"deleted\": {\"name\": \"basket item\", \"object\": \"\\u041a\\u043e\\u0440\\u0437\\u0438\\u043d\\u0430 \\u0434\\u043b\\u044f kirill.301522@gmail.com | \\u0418\\u0433\\u0440\\u0430: Max Payne 2: The Fall of Max Payne\"}}, {\"deleted\": {\"name\": \"basket item\", \"object\": \"\\u041a\\u043e\\u0440\\u0437\\u0438\\u043d\\u0430 \\u0434\\u043b\\u044f kirill.301522@gmail.com | \\u0418\\u0433\\u0440\\u0430: Rust\"}}, {\"deleted\": {\"name\": \"basket item\", \"object\": \"\\u041a\\u043e\\u0440\\u0437\\u0438\\u043d\\u0430 \\u0434\\u043b\\u044f kirill.301522@gmail.com | \\u0418\\u0433\\u0440\\u0430: Fallout: New Vegas\"}}, {\"deleted\": {\"name\": \"basket item\", \"object\": \"\\u041a\\u043e\\u0440\\u0437\\u0438\\u043d\\u0430 \\u0434\\u043b\\u044f kirill.301522@gmail.com | \\u0418\\u0433\\u0440\\u0430: Grand Theft Auto V\"}}]"}}, {"model": "admin.logentry", "pk": 179, "fields": {"action_time": "2023-03-21T13:41:55.517Z", "user": 10, "content_type": 6, "object_id": "10", "object_repr": "kirill", "action_flag": 2, "change_message": "[{\"added\": {\"name\": \"basket item\", \"object\": \"\\u041a\\u043e\\u0440\\u0437\\u0438\\u043d\\u0430 \\u0434\\u043b\\u044f kirill.301522@gmail.com | \\u0418\\u0433\\u0440\\u0430: Call of Duty: Black Ops 3\"}}]"}}, {"model": "admin.logentry", "pk": 180, "fields": {"action_time": "2023-03-22T10:13:46.356Z", "user": 10, "content_type": 6, "object_id": "10", "object_repr": "kirill", "action_flag": 2, "change_message": "[{\"added\": {\"name\": \"basket item\", \"object\": \"\\u041a\\u043e\\u0440\\u0437\\u0438\\u043d\\u0430 \\u0434\\u043b\\u044f kirill.301522@gmail.com | \\u0418\\u0433\\u0440\\u0430: The Last of Us Remastered\"}}]"}}, {"model": "admin.logentry", "pk": 181, "fields": {"action_time": "2023-03-22T10:13:54.520Z", "user": 10, "content_type": 6, "object_id": "10", "object_repr": "kirill", "action_flag": 2, "change_message": "[{\"added\": {\"name\": \"basket item\", \"object\": \"\\u041a\\u043e\\u0440\\u0437\\u0438\\u043d\\u0430 \\u0434\\u043b\\u044f kirill.301522@gmail.com | \\u0418\\u0433\\u0440\\u0430: Portal 2\"}}]"}}, {"model": "admin.logentry", "pk": 182, "fields": {"action_time": "2023-03-22T13:16:39.793Z", "user": 10, "content_type": 15, "object_id": "45", "object_repr": "Заказ номер 45. Kirill Li ", "action_flag": 3, "change_message": ""}}, {"model": "admin.logentry", "pk": 183, "fields": {"action_time": "2023-03-22T13:16:39.800Z", "user": 10, "content_type": 15, "object_id": "44", "object_repr": "Заказ номер 44. Kirill Li ", "action_flag": 3, "change_message": ""}}, {"model": "admin.logentry", "pk": 184, "fields": {"action_time": "2023-03-22T13:16:39.803Z", "user": 10, "content_type": 15, "object_id": "43", "object_repr": "Заказ номер 43. Kirill Li ", "action_flag": 3, "change_message": ""}}, {"model": "admin.logentry", "pk": 185, "fields": {"action_time": "2023-03-22T13:16:39.805Z", "user": 10, "content_type": 15, "object_id": "42", "object_repr": "Заказ номер 42. Kirill Li ", "action_flag": 3, "change_message": ""}}, {"model": "admin.logentry", "pk": 186, "fields": {"action_time": "2023-03-22T13:16:39.808Z", "user": 10, "content_type": 15, "object_id": "41", "object_repr": "Заказ номер 41. Kirill Li ", "action_flag": 3, "change_message": ""}}, {"model": "admin.logentry", "pk": 187, "fields": {"action_time": "2023-03-22T13:16:39.810Z", "user": 10, "content_type": 15, "object_id": "40", "object_repr": "Заказ номер 40. Kirill Li ", "action_flag": 3, "change_message": ""}}, {"model": "admin.logentry", "pk": 188, "fields": {"action_time": "2023-03-22T13:16:39.812Z", "user": 10, "content_type": 15, "object_id": "39", "object_repr": "Заказ номер 39. Kirill Li ", "action_flag": 3, "change_message": ""}}, {"model": "admin.logentry", "pk": 189, "fields": {"action_time": "2023-03-22T13:16:39.814Z", "user": 10, "content_type": 15, "object_id": "38", "object_repr": "Заказ номер 38. Kirill Li ", "action_flag": 3, "change_message": ""}}, {"model": "admin.logentry", "pk": 190, "fields": {"action_time": "2023-03-22T13:16:39.815Z", "user": 10, "content_type": 15, "object_id": "37", "object_repr": "Заказ номер 37. Kirill Кирилл ", "action_flag": 3, "change_message": ""}}, {"model": "admin.logentry", "pk": 191, "fields": {"action_time": "2023-03-22T13:16:39.816Z", "user": 10, "content_type": 15, "object_id": "36", "object_repr": "Заказ номер 36. Kirill Кирилл ", "action_flag": 3, "change_message": ""}}, {"model": "admin.logentry", "pk": 192, "fields": {"action_time": "2023-03-22T13:16:39.817Z", "user": 10, "content_type": 15, "object_id": "35", "object_repr": "Заказ номер 35. Kirill Li ", "action_flag": 3, "change_message": ""}}, {"model": "admin.logentry", "pk": 193, "fields": {"action_time": "2023-03-22T13:16:39.818Z", "user": 10, "content_type": 15, "object_id": "34", "object_repr": "Заказ номер 34. Kirill Li ", "action_flag": 3, "change_message": ""}}, {"model": "admin.logentry", "pk": 194, "fields": {"action_time": "2023-03-22T13:16:39.819Z", "user": 10, "content_type": 15, "object_id": "33", "object_repr": "Заказ номер 33. Kirill Li ", "action_flag": 3, "change_message": ""}}, {"model": "admin.logentry", "pk": 195, "fields": {"action_time": "2023-03-22T13:16:39.820Z", "user": 10, "content_type": 15, "object_id": "32", "object_repr": "Заказ номер 32. Kirill Li ", "action_flag": 3, "change_message": ""}}, {"model": "admin.logentry", "pk": 196, "fields": {"action_time": "2023-03-22T13:16:39.821Z", "user": 10, "content_type": 15, "object_id": "31", "object_repr": "Заказ номер 31. Kirill Кирилл ", "action_flag": 3, "change_message": ""}}, {"model": "admin.logentry", "pk": 197, "fields": {"action_time": "2023-03-22T13:16:39.822Z", "user": 10, "content_type": 15, "object_id": "30", "object_repr": "Заказ номер 30. Kirill Li ", "action_flag": 3, "change_message": ""}}, {"model": "admin.logentry", "pk": 198, "fields": {"action_time": "2023-03-22T13:16:39.823Z", "user": 10, "content_type": 15, "object_id": "29", "object_repr": "Заказ номер 29. Kirill Li ", "action_flag": 3, "change_message": ""}}, {"model": "admin.logentry", "pk": 199, "fields": {"action_time": "2023-03-22T13:16:39.824Z", "user": 10, "content_type": 15, "object_id": "28", "object_repr": "Заказ номер 28. Kirill Li ", "action_flag": 3, "change_message": ""}}, {"model": "admin.logentry", "pk": 200, "fields": {"action_time": "2023-03-22T13:16:39.825Z", "user": 10, "content_type": 15, "object_id": "27", "object_repr": "Заказ номер 27. Kirill Li ", "action_flag": 3, "change_message": ""}}, {"model": "admin.logentry", "pk": 201, "fields": {"action_time": "2023-03-22T13:16:39.826Z", "user": 10, "content_type": 15, "object_id": "26", "object_repr": "Заказ номер 26. Kirill Li ", "action_flag": 3, "change_message": ""}}, {"model": "admin.logentry", "pk": 202, "fields": {"action_time": "2023-03-22T13:16:39.827Z", "user": 10, "content_type": 15, "object_id": "25", "object_repr": "Заказ номер 25. Kirill Li ", "action_flag": 3, "change_message": ""}}, {"model": "admin.logentry", "pk": 203, "fields": {"action_time": "2023-03-22T13:16:39.829Z", "user": 10, "content_type": 15, "object_id": "24", "object_repr": "Заказ номер 24. Kirill Li ", "action_flag": 3, "change_message": ""}}, {"model": "admin.logentry", "pk": 204, "fields": {"action_time": "2023-03-22T13:16:39.833Z", "user": 10, "content_type": 15, "object_id": "23", "object_repr": "Заказ номер 23. Kirill Li ", "action_flag": 3, "change_message": ""}}, {"model": "admin.logentry", "pk": 205, "fields": {"action_time": "2023-03-22T13:16:39.835Z", "user": 10, "content_type": 15, "object_id": "22", "object_repr": "Заказ номер 22. Kirill Li ", "action_flag": 3, "change_message": ""}}, {"model": "admin.logentry", "pk": 206, "fields": {"action_time": "2023-03-22T13:16:39.837Z", "user": 10, "content_type": 15, "object_id": "21", "object_repr": "Заказ номер 21. Kirill Li ", "action_flag": 3, "change_message": ""}}, {"model": "admin.logentry", "pk": 207, "fields": {"action_time": "2023-03-22T13:16:39.839Z", "user": 10, "content_type": 15, "object_id": "20", "object_repr": "Заказ номер 20. Kirill Li ", "action_flag": 3, "change_message": ""}}, {"model": "admin.logentry", "pk": 208, "fields": {"action_time": "2023-03-22T13:16:39.840Z", "user": 10, "content_type": 15, "object_id": "19", "object_repr": "Заказ номер 19. Kirill Li ", "action_flag": 3, "change_message": ""}}, {"model": "admin.logentry", "pk": 209, "fields": {"action_time": "2023-03-22T13:16:39.842Z", "user": 10, "content_type": 15, "object_id": "18", "object_repr": "Заказ номер 18. Kirill Li ", "action_flag": 3, "change_message": ""}}, {"model": "admin.logentry", "pk": 210, "fields": {"action_time": "2023-03-22T13:32:52.766Z", "user": 10, "content_type": 15, "object_id": "46", "object_repr": "Заказ номер 46. Kirill Li ", "action_flag": 2, "change_message": "[]"}}, {"model": "auth.permission", "pk": 1, "fields": {"name": "Can add log entry", "content_type": 1, "codename": "add_logentry"}}, {"model": "auth.permission", "pk": 2, "fields": {"name": "Can change log entry", "content_type": 1, "codename": "change_logentry"}}, {"model": "auth.permission", "pk": 3, "fields": {"name": "Can delete log entry", "content_type": 1, "codename": "delete_logentry"}}, {"model": "auth.permission", "pk": 4, "fields": {"name": "Can view log entry", "content_type": 1, "codename": "view_logentry"}}, {"model": "auth.permission", "pk": 5, "fields": {"name": "Can add permission", "content_type": 2, "codename": "add_permission"}}, {"model": "auth.permission", "pk": 6, "fields": {"name": "Can change permission", "content_type": 2, "codename": "change_permission"}}, {"model": "auth.permission", "pk": 7, "fields": {"name": "Can delete permission", "content_type": 2, "codename": "delete_permission"}}, {"model": "auth.permission", "pk": 8, "fields": {"name": "Can view permission", "content_type": 2, "codename": "view_permission"}}, {"model": "auth.permission", "pk": 9, "fields": {"name": "Can add group", "content_type": 3, "codename": "add_group"}}, {"model": "auth.permission", "pk": 10, "fields": {"name": "Can change group", "content_type": 3, "codename": "change_group"}}, {"model": "auth.permission", "pk": 11, "fields": {"name": "Can delete group", "content_type": 3, "codename": "delete_group"}}, {"model": "auth.permission", "pk": 12, "fields": {"name": "Can view group", "content_type": 3, "codename": "view_group"}}, {"model": "auth.permission", "pk": 13, "fields": {"name": "Can add content type", "content_type": 4, "codename": "add_contenttype"}}, {"model": "auth.permission", "pk": 14, "fields": {"name": "Can change content type", "content_type": 4, "codename": "change_contenttype"}}, {"model": "auth.permission", "pk": 15, "fields": {"name": "Can delete content type", "content_type": 4, "codename": "delete_contenttype"}}, {"model": "auth.permission", "pk": 16, "fields": {"name": "Can view content type", "content_type": 4, "codename": "view_contenttype"}}, {"model": "auth.permission", "pk": 17, "fields": {"name": "Can add session", "content_type": 5, "codename": "add_session"}}, {"model": "auth.permission", "pk": 18, "fields": {"name": "Can change session", "content_type": 5, "codename": "change_session"}}, {"model": "auth.permission", "pk": 19, "fields": {"name": "Can delete session", "content_type": 5, "codename": "delete_session"}}, {"model": "auth.permission", "pk": 20, "fields": {"name": "Can view session", "content_type": 5, "codename": "view_session"}}, {"model": "auth.permission", "pk": 21, "fields": {"name": "Can add user", "content_type": 6, "codename": "add_user"}}, {"model": "auth.permission", "pk": 22, "fields": {"name": "Can change user", "content_type": 6, "codename": "change_user"}}, {"model": "auth.permission", "pk": 23, "fields": {"name": "Can delete user", "content_type": 6, "codename": "delete_user"}}, {"model": "auth.permission", "pk": 24, "fields": {"name": "Can view user", "content_type": 6, "codename": "view_user"}}, {"model": "auth.permission", "pk": 25, "fields": {"name": "Can add Разработчик", "content_type": 7, "codename": "add_developer"}}, {"model": "auth.permission", "pk": 26, "fields": {"name": "Can change Разработчик", "content_type": 7, "codename": "change_developer"}}, {"model": "auth.permission", "pk": 27, "fields": {"name": "Can delete Разработчик", "content_type": 7, "codename": "delete_developer"}}, {"model": "auth.permission", "pk": 28, "fields": {"name": "Can view Разработчик", "content_type": 7, "codename": "view_developer"}}, {"model": "auth.permission", "pk": 29, "fields": {"name": "Can add Игра", "content_type": 8, "codename": "add_game"}}, {"model": "auth.permission", "pk": 30, "fields": {"name": "Can change Игра", "content_type": 8, "codename": "change_game"}}, {"model": "auth.permission", "pk": 31, "fields": {"name": "Can delete Игра", "content_type": 8, "codename": "delete_game"}}, {"model": "auth.permission", "pk": 32, "fields": {"name": "Can view Игра", "content_type": 8, "codename": "view_game"}}, {"model": "auth.permission", "pk": 33, "fields": {"name": "Can add Жанр", "content_type": 9, "codename": "add_gamegenre"}}, {"model": "auth.permission", "pk": 34, "fields": {"name": "Can change Жанр", "content_type": 9, "codename": "change_gamegenre"}}, {"model": "auth.permission", "pk": 35, "fields": {"name": "Can delete Жанр", "content_type": 9, "codename": "delete_gamegenre"}}, {"model": "auth.permission", "pk": 36, "fields": {"name": "Can view Жанр", "content_type": 9, "codename": "view_gamegenre"}}, {"model": "auth.permission", "pk": 37, "fields": {"name": "Can add Издатель", "content_type": 10, "codename": "add_publisher"}}, {"model": "auth.permission", "pk": 38, "fields": {"name": "Can change Издатель", "content_type": 10, "codename": "change_publisher"}}, {"model": "auth.permission", "pk": 39, "fields": {"name": "Can delete Издатель", "content_type": 10, "codename": "delete_publisher"}}, {"model": "auth.permission", "pk": 40, "fields": {"name": "Can view Издатель", "content_type": 10, "codename": "view_publisher"}}, {"model": "auth.permission", "pk": 41, "fields": {"name": "Can add Тег", "content_type": 11, "codename": "add_tag"}}, {"model": "auth.permission", "pk": 42, "fields": {"name": "Can change Тег", "content_type": 11, "codename": "change_tag"}}, {"model": "auth.permission", "pk": 43, "fields": {"name": "Can delete Тег", "content_type": 11, "codename": "delete_tag"}}, {"model": "auth.permission", "pk": 44, "fields": {"name": "Can view Тег", "content_type": 11, "codename": "view_tag"}}, {"model": "auth.permission", "pk": 45, "fields": {"name": "Can add rating", "content_type": 12, "codename": "add_rating"}}, {"model": "auth.permission", "pk": 46, "fields": {"name": "Can change rating", "content_type": 12, "codename": "change_rating"}}, {"model": "auth.permission", "pk": 47, "fields": {"name": "Can delete rating", "content_type": 12, "codename": "delete_rating"}}, {"model": "auth.permission", "pk": 48, "fields": {"name": "Can view rating", "content_type": 12, "codename": "view_rating"}}, {"model": "auth.permission", "pk": 49, "fields": {"name": "Can add game image", "content_type": 13, "codename": "add_gameimage"}}, {"model": "auth.permission", "pk": 50, "fields": {"name": "Can change game image", "content_type": 13, "codename": "change_gameimage"}}, {"model": "auth.permission", "pk": 51, "fields": {"name": "Can delete game image", "content_type": 13, "codename": "delete_gameimage"}}, {"model": "auth.permission", "pk": 52, "fields": {"name": "Can view game image", "content_type": 13, "codename": "view_gameimage"}}, {"model": "auth.permission", "pk": 53, "fields": {"name": "Can add basket_ item", "content_type": 14, "codename": "add_basket_item"}}, {"model": "auth.permission", "pk": 54, "fields": {"name": "Can change basket_ item", "content_type": 14, "codename": "change_basket_item"}}, {"model": "auth.permission", "pk": 55, "fields": {"name": "Can delete basket_ item", "content_type": 14, "codename": "delete_basket_item"}}, {"model": "auth.permission", "pk": 56, "fields": {"name": "Can view basket_ item", "content_type": 14, "codename": "view_basket_item"}}, {"model": "auth.permission", "pk": 57, "fields": {"name": "Can add basket item", "content_type": 14, "codename": "add_basketitem"}}, {"model": "auth.permission", "pk": 58, "fields": {"name": "Can change basket item", "content_type": 14, "codename": "change_basketitem"}}, {"model": "auth.permission", "pk": 59, "fields": {"name": "Can delete basket item", "content_type": 14, "codename": "delete_basketitem"}}, {"model": "auth.permission", "pk": 60, "fields": {"name": "Can view basket item", "content_type": 14, "codename": "view_basketitem"}}, {"model": "auth.permission", "pk": 61, "fields": {"name": "Can add Заказ", "content_type": 15, "codename": "add_order"}}, {"model": "auth.permission", "pk": 62, "fields": {"name": "Can change Заказ", "content_type": 15, "codename": "change_order"}}, {"model": "auth.permission", "pk": 63, "fields": {"name": "Can delete Заказ", "content_type": 15, "codename": "delete_order"}}, {"model": "auth.permission", "pk": 64, "fields": {"name": "Can view Заказ", "content_type": 15, "codename": "view_order"}}, {"model": "auth.permission", "pk": 65, "fields": {"name": "Can add Верификация почты", "content_type": 16, "codename": "add_emailverification"}}, {"model": "auth.permission", "pk": 66, "fields": {"name": "Can change Верификация почты", "content_type": 16, "codename": "change_emailverification"}}, {"model": "auth.permission", "pk": 67, "fields": {"name": "Can delete Верификация почты", "content_type": 16, "codename": "delete_emailverification"}}, {"model": "auth.permission", "pk": 68, "fields": {"name": "Can view Верификация почты", "content_type": 16, "codename": "view_emailverification"}}, {"model": "auth.permission", "pk": 69, "fields": {"name": "Can add Token", "content_type": 17, "codename": "add_token"}}, {"model": "auth.permission", "pk": 70, "fields": {"name": "Can change Token", "content_type": 17, "codename": "change_token"}}, {"model": "auth.permission", "pk": 71, "fields": {"name": "Can delete Token", "content_type": 17, "codename": "delete_token"}}, {"model": "auth.permission", "pk": 72, "fields": {"name": "Can view Token", "content_type": 17, "codename": "view_token"}}, {"model": "auth.permission", "pk": 73, "fields": {"name": "Can add token", "content_type": 18, "codename": "add_tokenproxy"}}, {"model": "auth.permission", "pk": 74, "fields": {"name": "Can change token", "content_type": 18, "codename": "change_tokenproxy"}}, {"model": "auth.permission", "pk": 75, "fields": {"name": "Can delete token", "content_type": 18, "codename": "delete_tokenproxy"}}, {"model": "auth.permission", "pk": 76, "fields": {"name": "Can view token", "content_type": 18, "codename": "view_tokenproxy"}}, {"model": "contenttypes.contenttype", "pk": 1, "fields": {"app_label": "admin", "model": "logentry"}}, {"model": "contenttypes.contenttype", "pk": 2, "fields": {"app_label": "auth", "model": "permission"}}, {"model": "contenttypes.contenttype", "pk": 3, "fields": {"app_label": "auth", "model": "group"}}, {"model": "contenttypes.contenttype", "pk": 4, "fields": {"app_label": "contenttypes", "model": "contenttype"}}, {"model": "contenttypes.contenttype", "pk": 5, "fields": {"app_label": "sessions", "model": "session"}}, {"model": "contenttypes.contenttype", "pk": 6, "fields": {"app_label": "users", "model": "user"}}, {"model": "contenttypes.contenttype", "pk": 7, "fields": {"app_label": "games", "model": "developer"}}, {"model": "contenttypes.contenttype", "pk": 8, "fields": {"app_label": "games", "model": "game"}}, {"model": "contenttypes.contenttype", "pk": 9, "fields": {"app_label": "games", "model": "gamegenre"}}, {"model": "contenttypes.contenttype", "pk": 10, "fields": {"app_label": "games", "model": "publisher"}}, {"model": "contenttypes.contenttype", "pk": 11, "fields": {"app_label": "games", "model": "tag"}}, {"model": "contenttypes.contenttype", "pk": 12, "fields": {"app_label": "games", "model": "rating"}}, {"model": "contenttypes.contenttype", "pk": 13, "fields": {"app_label": "games", "model": "gameimage"}}, {"model": "contenttypes.contenttype", "pk": 14, "fields": {"app_label": "games", "model": "basketitem"}}, {"model": "contenttypes.contenttype", "pk": 15, "fields": {"app_label": "orders", "model": "order"}}, {"model": "contenttypes.contenttype", "pk": 16, "fields": {"app_label": "users", "model": "emailverification"}}, {"model": "contenttypes.contenttype", "pk": 17, "fields": {"app_label": "authtoken", "model": "token"}}, {"model": "contenttypes.contenttype", "pk": 18, "fields": {"app_label": "authtoken", "model": "tokenproxy"}}, {"model": "sessions.session", "pk": "0eyytsamfws4oy8q9rxsb8d1ciy5b35h", "fields": {"session_data": ".eJxVjMsOwiAQRf-FtSEw5RWX7v0GwsyAVA0kpV0Z_12bdKHbe865LxHTtta4jbzEmcVZaCVOvyMmeuS2E76nduuSeluXGeWuyIMOee2cn5fD_TuoadRvXRi9sRxoCh508FpN4IkBigmWSiZlyCRjXQKgiQq7gNorQEfobCHx_gD-9zgq:1pfEBw:3KTBxDOyvJQFQ1e8xoV73Di_17IVTldCK8E1guNrlao", "expire_date": "2023-04-06T06:12:52.067Z"}}, {"model": "sessions.session", "pk": "2kjheolq5pkcschll7y0cslznfpeu4wd", "fields": {"session_data": ".eJxVjMsOwiAQRf-FtSEw5RWX7v0GwsyAVA0kpV0Z_12bdKHbe865LxHTtta4jbzEmcVZaCVOvyMmeuS2E76nduuSeluXGeWuyIMOee2cn5fD_TuoadRvXRi9sRxoCh508FpN4IkBigmWSiZlyCRjXQKgiQq7gNorQEfobCHx_gD-9zgq:1pdtU8:UO51G4ynkRs1j-HCVQGHBUMkiTeOMlxBU2XlZsD5f04", "expire_date": "2023-04-02T13:54:08.631Z"}}, {"model": "sessions.session", "pk": "3o21g6a3qil8sli2sz3ka0cfcjls56ot", "fields": {"session_data": ".eJxVjMsOwiAQRf-FtSEw5RWX7v0GwsyAVA0kpV0Z_12bdKHbe865LxHTtta4jbzEmcVZaCVOvyMmeuS2E76nduuSeluXGeWuyIMOee2cn5fD_TuoadRvXRi9sRxoCh508FpN4IkBigmWSiZlyCRjXQKgiQq7gNorQEfobCHx_gD-9zgq:1pePmg:WepVuk28blfJ8cS-olzL7hVDtcszbABIHOp6PEqSKy8", "expire_date": "2023-04-04T00:23:26.575Z"}}, {"model": "sessions.session", "pk": "3ums6czlhb8gc576zi2lgh0k2oz3j43z", "fields": {"session_data": ".eJxVjMsOwiAQRf-FtSEw5RWX7v0GwsyAVA0kpV0Z_12bdKHbe865LxHTtta4jbzEmcVZaCVOvyMmeuS2E76nduuSeluXGeWuyIMOee2cn5fD_TuoadRvXRi9sRxoCh508FpN4IkBigmWSiZlyCRjXQKgiQq7gNorQEfobCHx_gD-9zgq:1pdk6R:IOBGptjHrM6EATAdybZB71ViHXK-gk3UO62LEID0vp0", "expire_date": "2023-04-02T03:53:03.270Z"}}, {"model": "sessions.session", "pk": "46gjucorqjqtk1ycg151yry02qn5c0za", "fields": {"session_data": ".eJxVjEsOAiEQBe_C2hA-Qtsu3XsG0kAjowaSYWZlvLtOMgvdvqp6LxFoXWpYB89hyuIstDj8bpHSg9sG8p3arcvU2zJPUW6K3OmQ1575edndv4NKo35rawCVPRY2CV06leSV9hYxIlgAz0CcKRZwAMyoi1PWEBGztjESo3h_ANRfOEc:1pcc1H:nBJm7VXzK7P7TXp8rvJuxj9J_keVAmkUBHMK776CzHY", "expire_date": "2023-03-30T01:03:03.585Z"}}, {"model": "sessions.session", "pk": "7btzhkfkpv9zwru270j0mlo98jbmgz60", "fields": {"session_data": ".eJxVjMsOwiAQRf-FtSEw5RWX7v0GwsyAVA0kpV0Z_12bdKHbe865LxHTtta4jbzEmcVZaCVOvyMmeuS2E76nduuSeluXGeWuyIMOee2cn5fD_TuoadRvXRi9sRxoCh508FpN4IkBigmWSiZlyCRjXQKgiQq7gNorQEfobCHx_gD-9zgq:1peBS4:nrGBp5mj4TBwWNaChotOQ_dQAO4ONNE9yevp5TMpa5o", "expire_date": "2023-04-03T09:05:12.619Z"}}, {"model": "sessions.session", "pk": "7yhi1zlnem458p4rs727b04khnh74wqn", "fields": {"session_data": ".eJxVjMsOwiAQRf-FtSEw5RWX7v0GwsyAVA0kpV0Z_12bdKHbe865LxHTtta4jbzEmcVZaCVOvyMmeuS2E76nduuSeluXGeWuyIMOee2cn5fD_TuoadRvXRi9sRxoCh508FpN4IkBigmWSiZlyCRjXQKgiQq7gNorQEfobCHx_gD-9zgq:1peV5g:nSh5UdLgHA772zob5DMLCEZX7N-acKHEUYyY0d7oHYY", "expire_date": "2023-04-04T06:03:24.914Z"}}, {"model": "sessions.session", "pk": "83r0ybf7yhjv9pjuqwg5dbp48qpdwov0", "fields": {"session_data": ".eJxVjMEOwiAQRP-FsyFsWYp69N5vaJZdkKqBpLQn47_bJj1oMqd5b-atRlqXPK4tzuMk6qpAnX67QPyMZQfyoHKvmmtZ5inoXdEHbXqoEl-3w_07yNTytkYUR2Kw99EmhMsWCxY6RkvEgYzz1BEgnb1BThwBgmMrIYkwc68-X9I6OGY:1pV3b7:3Zw7qVxuhngyD3IolujWsg4bhegML1xfN573o9iB4wY", "expire_date": "2023-03-09T04:52:49.611Z"}}, {"model": "sessions.session", "pk": "8u7qf2ad88fpydxr2co3lcr4rmgs2020", "fields": {"session_data": ".eJxVjMEOwiAQRP-FsyFsWYp69N5vaJZdkKqBpLQn47_bJj1oMqd5b-atRlqXPK4tzuMk6qpAnX67QPyMZQfyoHKvmmtZ5inoXdEHbXqoEl-3w_07yNTytkYUR2Kw99EmhMsWCxY6RkvEgYzz1BEgnb1BThwBgmMrIYkwc68-X9I6OGY:1pbB9u:tUZ-ivEB5jeWKL22pAMMEkQHi2_0aN7jUkClCxwfF0o", "expire_date": "2023-03-26T02:10:02.448Z"}}, {"model": "sessions.session", "pk": "aq29jvlc850ikzgwkcffmb2jf4y3ywfc", "fields": {"session_data": ".eJxVjMsOwiAQRf-FtSEw5RWX7v0GwsyAVA0kpV0Z_12bdKHbe865LxHTtta4jbzEmcVZaCVOvyMmeuS2E76nduuSeluXGeWuyIMOee2cn5fD_TuoadRvXRi9sRxoCh508FpN4IkBigmWSiZlyCRjXQKgiQq7gNorQEfobCHx_gD-9zgq:1peDGK:MAru1yZe9BeaDGZllVp-a3kKx0IdpCqubDpvyOZt0UQ", "expire_date": "2023-04-03T11:01:12.841Z"}}, {"model": "sessions.session", "pk": "cpj2bk10uyaav60nlswp5i4reqcjwlgm", "fields": {"session_data": ".eJxVjMEOwiAQRP-FsyFsWYp69N5vaJZdkKqBpLQn47_bJj1oMqd5b-atRlqXPK4tzuMk6qpAnX67QPyMZQfyoHKvmmtZ5inoXdEHbXqoEl-3w_07yNTytkYUR2Kw99EmhMsWCxY6RkvEgYzz1BEgnb1BThwBgmMrIYkwc68-X9I6OGY:1pU89r:yHuwiN1VjLInhSF9V-8wtzJxEpXr_xgvMWefBajmIMs", "expire_date": "2023-03-06T15:32:51.893Z"}}, {"model": "sessions.session", "pk": "db502tmsu06e1mljwwra43f1l4jbkrq6", "fields": {"session_data": ".eJxVjMEOwiAQRP-FsyFsWYp69N5vaJZdkKqBpLQn47_bJj1oMqd5b-atRlqXPK4tzuMk6qpAnX67QPyMZQfyoHKvmmtZ5inoXdEHbXqoEl-3w_07yNTytkYUR2Kw99EmhMsWCxY6RkvEgYzz1BEgnb1BThwBgmMrIYkwc68-X9I6OGY:1pTf9y:BQcHuwZzkfIqCcxwBhoSDIKGYhw1iyLfau-T9AadBak", "expire_date": "2023-03-05T08:35:02.699Z"}}, {"model": "sessions.session", "pk": "e4ch69mksbfba32uc8mubxdwbonc8thc", "fields": {"session_data": ".eJxVjEEOwiAURO_C2hDgAwWX7nsGAv9TqRpISrsy3t026UKXM-_NvFmI21rC1vMSZmJXJhW7_JYp4jPXg9Aj1nvj2Oq6zIkfCj9p52Oj_Lqd7t9Bib3sa6ujtCi8NARAMqNCqVHtwaEmjYORRoEH9JiEzTAJbQe0IBxFcpNmny_v6DeV:1peE5F:C-QbmdK7oxyR8SZKHon7fnj4qHOBSHeNduTKjEVz6FA", "expire_date": "2023-04-03T11:53:49.920Z"}}, {"model": "sessions.session", "pk": "f70sooocpvsyzmjxijp5w1famaf2ffxi", "fields": {"session_data": ".eJxVjMEOwiAQRP-FsyFsWYp69N5vaJZdkKqBpLQn47_bJj1oMqd5b-atRlqXPK4tzuMk6qpAnX67QPyMZQfyoHKvmmtZ5inoXdEHbXqoEl-3w_07yNTytkYUR2Kw99EmhMsWCxY6RkvEgYzz1BEgnb1BThwBgmMrIYkwc68-X9I6OGY:1pU8c4:3gd8q6j-ud27OU_FxkdOLHsjvULlQnKe0jlF2Mu9RPE", "expire_date": "2023-03-06T16:02:00.813Z"}}, {"model": "sessions.session", "pk": "fm50l2aeturvy2q0spryfid7qecctgzy", "fields": {"session_data": ".eJxVjEEOwiAURO_C2hDgAwWX7nsGAv9TqRpISrsy3t026UKXM-_NvFmI21rC1vMSZmJXJhW7_JYp4jPXg9Aj1nvj2Oq6zIkfCj9p52Oj_Lqd7t9Bib3sa6ujtCi8NARAMqNCqVHtwaEmjYORRoEH9JiEzTAJbQe0IBxFcpNmny_v6DeV:1peYbl:su6KrJvq8g5FRSFWQpZs3yJJJpE9nyMEAGI-HQ1mfJI", "expire_date": "2023-04-04T09:48:45.839Z"}}, {"model": "sessions.session", "pk": "g0dqbl2keb99c92wernxiil5jpwzuj6c", "fields": {"session_data": ".eJxVjMsOwiAQRf-FtSEw5RWX7v0GwsyAVA0kpV0Z_12bdKHbe865LxHTtta4jbzEmcVZaCVOvyMmeuS2E76nduuSeluXGeWuyIMOee2cn5fD_TuoadRvXRi9sRxoCh508FpN4IkBigmWSiZlyCRjXQKgiQq7gNorQEfobCHx_gD-9zgq:1peBB8:4_zeLNsMCMSj4mVbiDvdm5MRLId9v-ZM4yNl8BUHOJw", "expire_date": "2023-04-03T08:47:42.542Z"}}, {"model": "sessions.session", "pk": "gkwhe15fnso4pu1t1n9qd3qpfpq0n53b", "fields": {"session_data": ".eJxVjMEOwiAQRP-FsyFsWYp69N5vaJZdkKqBpLQn47_bJj1oMqd5b-atRlqXPK4tzuMk6qpAnX67QPyMZQfyoHKvmmtZ5inoXdEHbXqoEl-3w_07yNTytkYUR2Kw99EmhMsWCxY6RkvEgYzz1BEgnb1BThwBgmMrIYkwc68-X9I6OGY:1pc0Kv:gxVL_GK6RSFLaP7n0Oj-Ves-B2DDjmTph5q8-XJP_fE", "expire_date": "2023-03-28T08:48:49.975Z"}}, {"model": "sessions.session", "pk": "hciok7yyobnn4r9hxjhgdcvemz0civwg", "fields": {"session_data": ".eJxVjMEOwiAQRP-FsyEsspb16N1vIAuLUjWQlPZk_HfbpAe9zGHem3mrwMtcwtLzFEZRZwVGHX7LyOmZ60bkwfXedGp1nsaoN0XvtOtrk_y67O7fQeFe1jWRzejBOrFr4Ml4AErZoTdHYWcdsAME8ZTiYAey4hBM9ikKId1Qfb69pzaI:1pfWM2:d8q0ZGxwpmsRmQIQ7C8QCxy8IhC6pZTpmepXvo-PIig", "expire_date": "2023-04-07T01:36:30.335Z"}}, {"model": "sessions.session", "pk": "i9jew1ylzhmwvrwx87jje9ntdg8oqjzy", "fields": {"session_data": ".eJxVjMsOwiAQRf-FtSEw5RWX7v0GwsyAVA0kpV0Z_12bdKHbe865LxHTtta4jbzEmcVZaCVOvyMmeuS2E76nduuSeluXGeWuyIMOee2cn5fD_TuoadRvXRi9sRxoCh508FpN4IkBigmWSiZlyCRjXQKgiQq7gNorQEfobCHx_gD-9zgq:1pebsE:8Ss-xI-ydHPY_zIu5AJt703qUOkGiDAPhDiGVW1cOKc", "expire_date": "2023-04-04T13:17:58.859Z"}}, {"model": "sessions.session", "pk": "iot3vyl7dnau6myirkd3zhbw1khuiuul", "fields": {"session_data": ".eJxVjMEOwiAQRP-FsyEsspb16N1vIAuLUjWQlPZk_HfbpAe9zGHem3mrwMtcwtLzFEZRZwVGHX7LyOmZ60bkwfXedGp1nsaoN0XvtOtrk_y67O7fQeFe1jWRzejBOrFr4Ml4AErZoTdHYWcdsAME8ZTiYAey4hBM9ikKId1Qfb69pzaI:1pfabu:x805FdLd3LcqRTvOCa9y1urd-WWuOrxFxXtv8_5GLp8", "expire_date": "2023-04-07T06:09:10.830Z"}}, {"model": "sessions.session", "pk": "jr43rjddm5vox2hsvylsygwdmkl45zhj", "fields": {"session_data": ".eJxVjMsOwiAQRf-FtSEw5RWX7v0GwsyAVA0kpV0Z_12bdKHbe865LxHTtta4jbzEmcVZaCVOvyMmeuS2E76nduuSeluXGeWuyIMOee2cn5fD_TuoadRvXRi9sRxoCh508FpN4IkBigmWSiZlyCRjXQKgiQq7gNorQEfobCHx_gD-9zgq:1peqa8:9vhuz7GKKK78Ws41818E3OOwySL2vI5dTSWOdDoiWX4", "expire_date": "2023-04-05T05:00:16.428Z"}}, {"model": "sessions.session", "pk": "kjjzkmo4ajnc0f51uhw0t4tod19uue6r", "fields": {"session_data": ".eJxVjMsOwiAQRf-FtSEw5RWX7v0GwsyAVA0kpV0Z_12bdKHbe865LxHTtta4jbzEmcVZaCVOvyMmeuS2E76nduuSeluXGeWuyIMOee2cn5fD_TuoadRvXRi9sRxoCh508FpN4IkBigmWSiZlyCRjXQKgiQq7gNorQEfobCHx_gD-9zgq:1peFKt:ZbpLjj59jrGQECscNPU0CA7ihHHB1iqoyaaIeANr9Gc", "expire_date": "2023-04-03T13:14:03.926Z"}}, {"model": "sessions.session", "pk": "l9v3wz4v3x37qohrlz0rxnqqyghdoq2u", "fields": {"session_data": ".eJxVjMsOwiAQRf-FtSEw5RWX7v0GwsyAVA0kpV0Z_12bdKHbe865LxHTtta4jbzEmcVZaCVOvyMmeuS2E76nduuSeluXGeWuyIMOee2cn5fD_TuoadRvXRi9sRxoCh508FpN4IkBigmWSiZlyCRjXQKgiQq7gNorQEfobCHx_gD-9zgq:1peA9W:ATiHyw7yqVb_GYCyI3G-b9DHwVOcFh5oBNF4_sBdWbM", "expire_date": "2023-04-03T07:41:58.485Z"}}, {"model": "sessions.session", "pk": "m647erucs2ae4zhw4ve0jhn4yetyx7de", "fields": {"session_data": ".eJxVjMEOwiAQRP-FsyFsWYp69N5vaJZdkKqBpLQn47_bJj1oMqd5b-atRlqXPK4tzuMk6qpAnX67QPyMZQfyoHKvmmtZ5inoXdEHbXqoEl-3w_07yNTytkYUR2Kw99EmhMsWCxY6RkvEgYzz1BEgnb1BThwBgmMrIYkwc68-X9I6OGY:1pU8gn:oXavGcl0vw0w21p4aGDk2tmah-BIaXbCNeIyVwzTLdA", "expire_date": "2023-03-06T16:06:53.846Z"}}, {"model": "sessions.session", "pk": "ne7bsz1z3lkyvo1q457l0i5tkuddl9z3", "fields": {"session_data": ".eJxVjMsOwiAQRf-FtSEw5RWX7v0GwsyAVA0kpV0Z_12bdKHbe865LxHTtta4jbzEmcVZaCVOvyMmeuS2E76nduuSeluXGeWuyIMOee2cn5fD_TuoadRvXRi9sRxoCh508FpN4IkBigmWSiZlyCRjXQKgiQq7gNorQEfobCHx_gD-9zgq:1pdrdJ:21YHt1Sek9rqHmEQbAulNgSh07QaSjwd3iwshlfo6OE", "expire_date": "2023-04-02T11:55:29.628Z"}}, {"model": "sessions.session", "pk": "ofq46mobtmkmuygmtf9mx7jcklmcjgge", "fields": {"session_data": ".eJxVjMsOwiAQRf-FtSEw5RWX7v0GwsyAVA0kpV0Z_12bdKHbe865LxHTtta4jbzEmcVZaCVOvyMmeuS2E76nduuSeluXGeWuyIMOee2cn5fD_TuoadRvXRi9sRxoCh508FpN4IkBigmWSiZlyCRjXQKgiQq7gNorQEfobCHx_gD-9zgq:1pfDdy:yaUhL9uqjhqjfx7gfjRZRSWb3earRygj4qlOg3L9GBc", "expire_date": "2023-04-06T05:37:46.778Z"}}, {"model": "sessions.session", "pk": "omc5jbjte9407l80qlrbuy3ekmb88lie", "fields": {"session_data": ".eJxVjMsOwiAQRf-FtSEw5RWX7v0GwsyAVA0kpV0Z_12bdKHbe865LxHTtta4jbzEmcVZaCVOvyMmeuS2E76nduuSeluXGeWuyIMOee2cn5fD_TuoadRvXRi9sRxoCh508FpN4IkBigmWSiZlyCRjXQKgiQq7gNorQEfobCHx_gD-9zgq:1peGED:5Qcha6fcm7fzSKOvus5tr7zQen_1ynMu6IDR69z7KIw", "expire_date": "2023-04-03T14:11:13.958Z"}}, {"model": "sessions.session", "pk": "p4mpzkt4xym27o9wu4ptnxwpp1dlnaut", "fields": {"session_data": ".eJxVjMEOgjAQRP-lZ9OUbV0Wj979BrLbbgU1NKFwMv67kHDQ0yTz3szb9LwuQ79WnfsxmYsBc_rthONTpx2kB0_3YmOZlnkUuyv2oNXeStLX9XD_Dgauw7YOAA5YMYAgcRJIROfYqgABQsuYPcoWoWXfdI7VR2qyZoeUPXVoPl_TMjd7:1pbAXe:IgwWbtD1eggpxeozqZKvrI0eWlYeaQIdLxspVlw52Ow", "expire_date": "2023-03-26T01:30:30.592Z"}}, {"model": "sessions.session", "pk": "pgqytenyuvx37h6kfst2wmzhmmew1s0f", "fields": {"session_data": ".eJxVjMEOwiAQRP-FsyFsWYp69N5vaJZdkKqBpLQn47_bJj1oMqd5b-atRlqXPK4tzuMk6qpAnX67QPyMZQfyoHKvmmtZ5inoXdEHbXqoEl-3w_07yNTytkYUR2Kw99EmhMsWCxY6RkvEgYzz1BEgnb1BThwBgmMrIYkwc68-X9I6OGY:1pU2b8:4wrrdDEL8UJ6ZAGpMjcQDV8NNKyLptO39VFfa-2ES48", "expire_date": "2023-03-06T09:36:38.354Z"}}, {"model": "sessions.session", "pk": "pk31mnt0zkpgq9dy3s4r9k3u2otyqmfo", "fields": {"session_data": "e30:1pePdn:izAmqdjvl-Sa3LDM4WldJ3UMwYVjG3Huq0NE89jGXx4", "expire_date": "2023-04-04T00:14:15.365Z"}}, {"model": "sessions.session", "pk": "q08yibro1ynakyly3f8oyt84gokgwjv0", "fields": {"session_data": ".eJxVjMEOwiAQRP-FsyFsWYp69N5vaJZdkKqBpLQn47_bJj1oMqd5b-atRlqXPK4tzuMk6qpAnX67QPyMZQfyoHKvmmtZ5inoXdEHbXqoEl-3w_07yNTytkYUR2Kw99EmhMsWCxY6RkvEgYzz1BEgnb1BThwBgmMrIYkwc68-X9I6OGY:1pbBS7:VDhE0foBYpMec3iIQ3bDG0CYZXp9edSCcwUz4n9CFBE", "expire_date": "2023-03-26T02:28:51.879Z"}}, {"model": "sessions.session", "pk": "qedyau9c1wti3ckvve6f2skhgq98od1g", "fields": {"session_data": ".eJxVjMsOwiAQRf-FtSEw5RWX7v0GwsyAVA0kpV0Z_12bdKHbe865LxHTtta4jbzEmcVZaCVOvyMmeuS2E76nduuSeluXGeWuyIMOee2cn5fD_TuoadRvXRi9sRxoCh508FpN4IkBigmWSiZlyCRjXQKgiQq7gNorQEfobCHx_gD-9zgq:1pdt9U:j0nVfUoUOFnbwpUgQT8Hd68lquipyXxrRdY6gxQEfPc", "expire_date": "2023-04-02T13:32:48.856Z"}}, {"model": "sessions.session", "pk": "qkeci3x0tf2accextmwtntasdzg37s6k", "fields": {"session_data": ".eJxVjMEOwiAQRP-FsyFsWYp69N5vaJZdkKqBpLQn47_bJj1oMqd5b-atRlqXPK4tzuMk6qpAnX67QPyMZQfyoHKvmmtZ5inoXdEHbXqoEl-3w_07yNTytkYUR2Kw99EmhMsWCxY6RkvEgYzz1BEgnb1BThwBgmMrIYkwc68-X9I6OGY:1pbAnl:kLB6_TcI-LksVydqcmk8bfQmJSJSFsRKlpvjtzeRGG8", "expire_date": "2023-03-26T01:47:09.648Z"}}, {"model": "sessions.session", "pk": "rmvnetw74a8xcb5c1dr6cljctf6py0oh", "fields": {"session_data": ".eJxVjMEOwiAQRP-FsyFsWYp69N5vaJZdkKqBpLQn47_bJj1oMqd5b-atRlqXPK4tzuMk6qpAnX67QPyMZQfyoHKvmmtZ5inoXdEHbXqoEl-3w_07yNTytkYUR2Kw99EmhMsWCxY6RkvEgYzz1BEgnb1BThwBgmMrIYkwc68-X9I6OGY:1pV4JM:MI4cqXhQNKe5vtsuKKN7mo33avBxSmkFSJavDi3W9J0", "expire_date": "2023-03-09T05:38:32.289Z"}}, {"model": "sessions.session", "pk": "t7qnn77v3rxkhohsikzjs94c02ujxuf8", "fields": {"session_data": "e30:1pePdZ:VQjoHpZ12teP8GIN3IqAuaZeSNZFRWbjK12Ibh_U6YQ", "expire_date": "2023-04-04T00:14:01.660Z"}}, {"model": "sessions.session", "pk": "tfmnz4cwxqjj4r01csjusp5ocpn8h7pg", "fields": {"session_data": "e30:1pePWE:1p4SPCXI4_i9iHQiGj3Wal6jRQP5yH4KoMK03lt_sPQ", "expire_date": "2023-04-04T00:06:26.809Z"}}, {"model": "sessions.session", "pk": "u5qhh1gp3aq07jqff2fwblrir3ucijwc", "fields": {"session_data": "e30:1peGDV:wL-1no7HNl-Vskby_T9TaJQT6mocvTRjj5PsqjN11w0", "expire_date": "2023-04-03T14:10:29.770Z"}}, {"model": "sessions.session", "pk": "ul6d3ljiuyrk9p6eq01hlmd2f9v8ypri", "fields": {"session_data": ".eJxVjMsOwiAQRf-FtSEw5RWX7v0GwsyAVA0kpV0Z_12bdKHbe865LxHTtta4jbzEmcVZaCVOvyMmeuS2E76nduuSeluXGeWuyIMOee2cn5fD_TuoadRvXRi9sRxoCh508FpN4IkBigmWSiZlyCRjXQKgiQq7gNorQEfobCHx_gD-9zgq:1pd8TT:LwYUsjL3cpfUv-wLZR_WV6JaM46pMkxZn1Y62bdaIUg", "expire_date": "2023-03-31T11:42:19.244Z"}}, {"model": "sessions.session", "pk": "v0o4q7owt0978qrgtl6t5egebey6sl68", "fields": {"session_data": ".eJxVjMsOwiAQRf-FtSEw5RWX7v0GwsyAVA0kpV0Z_12bdKHbe865LxHTtta4jbzEmcVZaCVOvyMmeuS2E76nduuSeluXGeWuyIMOee2cn5fD_TuoadRvXRi9sRxoCh508FpN4IkBigmWSiZlyCRjXQKgiQq7gNorQEfobCHx_gD-9zgq:1pdstS:QsYmEdxERkNkTOXgoWLnyJSeGmuFmvF6MvN4rL7C9H0", "expire_date": "2023-04-02T13:16:14.405Z"}}, {"model": "sessions.session", "pk": "v6pqbvlhk5radg11ye6pvvyyke3qeo4j", "fields": {"session_data": "e30:1peG5C:IO64suINOAe8n1itHQlhqUAlIW2lqmc2qBE9UKm7Iq4", "expire_date": "2023-04-03T14:01:54.352Z"}}, {"model": "sessions.session", "pk": "w5xnzvkbtbi8hbs55llj6cp3ft5qa8sa", "fields": {"session_data": ".eJxVjMsOwiAQRf-FtSEw5RWX7v0GwsyAVA0kpV0Z_12bdKHbe865LxHTtta4jbzEmcVZaCVOvyMmeuS2E76nduuSeluXGeWuyIMOee2cn5fD_TuoadRvXRi9sRxoCh508FpN4IkBigmWSiZlyCRjXQKgiQq7gNorQEfobCHx_gD-9zgq:1pd9fV:RhFQGNtMN14kIE1Ldhu2N6EReVgHYx_RsuYIxuLVQSQ", "expire_date": "2023-03-31T12:58:49.981Z"}}, {"model": "sessions.session", "pk": "wbkyonricrzihlccs4287ljugtah0esd", "fields": {"session_data": ".eJxVjMsOwiAQRf-FtSEw5RWX7v0GwsyAVA0kpV0Z_12bdKHbe865LxHTtta4jbzEmcVZaCVOvyMmeuS2E76nduuSeluXGeWuyIMOee2cn5fD_TuoadRvXRi9sRxoCh508FpN4IkBigmWSiZlyCRjXQKgiQq7gNorQEfobCHx_gD-9zgq:1peG3Z:fDKt2fEKgroAi4oyXbgwCM6p4LGq_CyEGVzF6mbrvak", "expire_date": "2023-04-03T14:00:13.978Z"}}, {"model": "sessions.session", "pk": "x2j2o6fl91h545cb18r41wyu60xq3m21", "fields": {"session_data": ".eJxVjMEOgjAQRP-lZ9OUbV0Wj979BrLbbgU1NKFwMv67kHDQ0yTz3szb9LwuQ79WnfsxmYsBc_rthONTpx2kB0_3YmOZlnkUuyv2oNXeStLX9XD_Dgauw7YOAA5YMYAgcRJIROfYqgABQsuYPcoWoWXfdI7VR2qyZoeUPXVoPl_TMjd7:1pb1MK:UOr4l_Q_9XNgAvfCjYpD1i1ILCC-Yo2OItqwGdrOL0k", "expire_date": "2023-03-25T15:42:12.191Z"}}, {"model": "sessions.session", "pk": "xrod5ed7bqsupxs7xd3e4f9rkb69prjo", "fields": {"session_data": "e30:1pePcZ:3RbevrbETuCZZCqrAYLKmngd01ge3TqI-N1cWpr3SOY", "expire_date": "2023-04-04T00:12:59.889Z"}}, {"model": "sessions.session", "pk": "xu5wex6ofvz2k8njd8ielv0krpwbyv68", "fields": {"session_data": ".eJxVjMEOwiAQRP-FsyFsWYp69N5vaJZdkKqBpLQn47_bJj1oMqd5b-atRlqXPK4tzuMk6qpAnX67QPyMZQfyoHKvmmtZ5inoXdEHbXqoEl-3w_07yNTytkYUR2Kw99EmhMsWCxY6RkvEgYzz1BEgnb1BThwBgmMrIYkwc68-X9I6OGY:1pc50M:7TMNH_XTopoqvcBmcQzQlWMzJgZBKoLKj1UtWXLeIOE", "expire_date": "2023-03-28T13:47:54.462Z"}}, {"model": "sessions.session", "pk": "yv1o0m9wwws0n3fu5cz22yco1y3tla0q", "fields": {"session_data": ".eJxVjMEOgjAQRP-lZ9OUbV0Wj979BrLbbgU1NKFwMv67kHDQ0yTz3szb9LwuQ79WnfsxmYsBc_rthONTpx2kB0_3YmOZlnkUuyv2oNXeStLX9XD_Dgauw7YOAA5YMYAgcRJIROfYqgABQsuYPcoWoWXfdI7VR2qyZoeUPXVoPl_TMjd7:1pbA1W:XvvHW5elflJ8oNxiBwJgjYN6qqInZFNGUBX3Lctebf0", "expire_date": "2023-03-26T00:57:18.739Z"}}, {"model": "sessions.session", "pk": "zu3jfrpjou2qyxef7utwgiobctvsd1jh", "fields": {"session_data": ".eJxVjMEOwiAQRP-FsyFsWYp69N5vaJZdkKqBpLQn47_bJj1oMqd5b-atRlqXPK4tzuMk6qpAnX67QPyMZQfyoHKvmmtZ5inoXdEHbXqoEl-3w_07yNTytkYUR2Kw99EmhMsWCxY6RkvEgYzz1BEgnb1BThwBgmMrIYkwc68-X9I6OGY:1pUi7r:TlDlmyXvDx3crAU19n5eHM3umMB8GypYXFEM6qOBnGI", "expire_date": "2023-03-08T05:57:11.866Z"}}, {"model": "authtoken.token", "pk": "3c68a4883c95fe2fee4e7c1eb573c9a0c2902f62", "fields": {"user": 12, "created": "2023-03-19T11:56:11.954Z"}}, {"model": "authtoken.token", "pk": "cc65c3cf6a395bf0e5013498145c15217ff4a61a", "fields": {"user": 10, "created": "2023-03-19T04:04:58.330Z"}}, {"model": "users.user", "pk": 10, "fields": {"password": "pbkdf2_sha256$390000$vXWkq0bNM6cxB0XC0oZE9W$YzIGdOkHfFUfDGI8yDlet0GlEW3BM85+d4C9Bb0n2h8=", "last_login": "2023-03-24T06:09:10.820Z", "is_superuser": true, "username": "kirill", "first_name": "Kirill", "last_name": "Lee", "is_staff": true, "is_active": true, "date_joined": "2023-03-16T13:56:37.720Z", "image": "", "is_verified_email": true, "email": "kirill.301522@gmail.com", "groups": [], "user_permissions": []}}, {"model": "users.user", "pk": 12, "fields": {"password": "pbkdf2_sha256$390000$a3sRB0miJVzVMA6HJbNbNq$SfGgB4wmiuHDT1+I9BjEvFeSdblFqOMGTcdUTMTUKhE=", "last_login": "2023-03-22T14:02:55.139Z", "is_superuser": false, "username": "Alexandr_Fedorchuk", "first_name": "Kirill", "last_name": "Li", "is_staff": false, "is_active": true, "date_joined": "2023-03-19T11:56:11.857Z", "image": "", "is_verified_email": true, "email": "kirill27.rus@yandex.ru", "groups": [], "user_permissions": []}}, {"model": "users.emailverification", "pk": 6, "fields": {"code": "dbd19f98-e653-478f-953b-c723baff8586", "user": 12, "created": "2023-03-19T11:56:11.962Z", "expiration": "2023-03-21T11:56:11.962Z"}}, {"model": "games.gamegenre", "pk": 1, "fields": {"name": "Экшен", "slug": "action"}}, {"model": "games.gamegenre", "pk": 2, "fields": {"name": "Инди", "slug": "indi"}}, {"model": "games.gamegenre", "pk": 3, "fields": {"name": "Шутер", "slug": "shooter"}}, {"model": "games.gamegenre", "pk": 4, "fields": {"name": "Приключения", "slug": "adventure"}}, {"model": "games.gamegenre", "pk": 5, "fields": {"name": "Выживание", "slug": "survival"}}, {"model": "games.gamegenre", "pk": 6, "fields": {"name": "Стратегия", "slug": "strategiya"}}, {"model": "games.developer", "pk": 1, "fields": {"name": "Treyarch"}}, {"model": "games.developer", "pk": 2, "fields": {"name": "Facepunch Studios"}}, {"model": "games.developer", "pk": 3, "fields": {"name": "Blizzard Entertainment"}}, {"model": "games.developer", "pk": 4, "fields": {"name": "Naughty Dog"}}, {"model": "games.developer", "pk": 5, "fields": {"name": "Pasing Studio"}}, {"model": "games.publisher", "pk": 1, "fields": {"name": "Activision"}}, {"model": "games.publisher", "pk": 2, "fields": {"name": "Facepunch Studios"}}, {"model": "games.publisher", "pk": 3, "fields": {"name": "Blizzard Entertainment"}}, {"model": "games.publisher", "pk": 4, "fields": {"name": "Sony Interactive Entertainment"}}, {"model": "games.publisher", "pk": 5, "fields": {"name": "Pasing Studio"}}, {"model": "games.tag", "pk": 1, "fields": {"name": "Для одного игрока", "slug": "single-player"}}, {"model": "games.tag", "pk": 2, "fields": {"name": "Кооператив", "slug": "coop"}}, {"model": "games.tag", "pk": 3, "fields": {"name": "Приключенческая игра", "slug": "priklyuchencheskaya-igra"}}, {"model": "games.game", "pk": 1, "fields": {"name": "Call of Duty: Black Ops", "slug": "call-of-duty-black-ops", "main_image": "main_heZbvPP.webp", "description": "Call of Duty: Black Ops предстала перед геймерами всего мира в качестве превосходного продолжения полюбившегося шутера. По своей сути каждый, кто решил купить ключ Call of Duty: Black Ops, получит в своё расположение долгожданную седьмую часть игры. Как известно, буквально каждая часть этой серии иг", "price": "2000.00", "quantity": 10, "developer": 1, "publisher": 1, "release_date": "2010-04-30", "age_limit": "Информация, запрещённая для распространения среди детей", "ready": true, "genres": [1, 2, 3], "tags": [1, 2]}}, {"model": "games.game", "pk": 2, "fields": {"name": "Call of Duty: Black Ops 2", "slug": "call-of-duty-black-ops-2", "main_image": "Call_of_Duty_Black_Ops_2_-_boxart_PS3_LA0UFet.png", "description": "Дэвид Мэйсон (позывной «Сектор»), сын Алекса Мэйсона из первой части Black Ops, ещё в детстве потерял отца и теперь ему нужно найти убийц. Кроме того, он, как боец антитеррористической группы «Морских котиков», должен победить Рауля Менендеса, главного террориста современности, лидера террористическ", "price": "2550.00", "quantity": 10, "developer": 1, "publisher": 1, "release_date": "2012-05-01", "age_limit": "Информация, запрещённая для распространения среди детей", "ready": true, "genres": [2], "tags": [1, 2]}}, {"model": "games.game", "pk": 3, "fields": {"name": "Call of Duty: Black Ops 3", "slug": "call-of-duty-black-ops-3", "main_image": "BO3_PC_Poster_15fsyko.png", "description": "Call of Duty: Black Ops III — компьютерная игра в жанре научно-фантастического трёхмерного шутера от первого лица, двенадцатая во франшизе Call of Duty и третья в сюжетной подсерии Black Ops, начинавшейся как продолжение от кампании World at War; также последняя игра во франшизе, изданная на консоля", "price": "4400.00", "quantity": 0, "developer": 1, "publisher": 1, "release_date": "2015-04-09", "age_limit": "Информация, запрещённая для распространения среди детей", "ready": true, "genres": [1, 3], "tags": [1, 2]}}, {"model": "games.game", "pk": 4, "fields": {"name": "Rust", "slug": "rust", "main_image": "rust_main.jpeg", "description": "Rust — компьютерная игра в жанре симулятора выживания, была создана независимой британской компанией Facepunch Studios, возглавляемой c 2014 года Гарри Ньюмэном. Игра была выпущена в раннем доступе в декабре 2013 года, 8 февраля 2018 года состоялся её полноценный релиз для Windows и macOS. Версии дл", "price": "2000.00", "quantity": 2, "developer": 2, "publisher": 2, "release_date": "2014-02-08", "age_limit": "Информация, запрещённая для распространения среди детей", "ready": true, "genres": [1, 4, 5], "tags": [2]}}, {"model": "games.game", "pk": 5, "fields": {"name": "Warcraft Reforged", "slug": "warcraft-reforged", "main_image": "warcraft.png", "description": "Компьютерная игра в жанре стратегии в реальном времени, разработанная Blizzard Entertainment и Lemon Sky Studios и выпущенная Blizzard Entertainment в 2020 году. Warcraft III: Reforged представляет собой обновлённую версию Warcraft III: Reign of Chaos и дополнения к ней The Frozen Throne.", "price": "2000.00", "quantity": 10, "developer": 3, "publisher": 3, "release_date": "2020-01-28", "age_limit": "Информационная продукция для детей, достигших возраста двенадцати лет", "ready": true, "genres": [6], "tags": [3]}}, {"model": "games.game", "pk": 7, "fields": {"name": "The Last of Us Remastered", "slug": "the-last-of-us-remastered", "main_image": "274px-The_Last_of_Us_Remastered.png", "description": "Перевыпуск игры The Last of Us для PlayStation 4. Новая версия включает в себя модели персонажей более высокого качества, улучшенные тени и освещение, а также несколько других улучшений в игровом процессе. Действие игры происходит спустя двадцать лет после начала поразившей человечество эпидемии. Главный герой сопровождает храбрую четырнадцатилетнюю девочку Элли. На пути к своей цели им придётся действовать сообща, избегая многочисленных врагов и опасных существ.", "price": "3000.00", "quantity": 10, "developer": 4, "publisher": 4, "release_date": "2014-06-29", "age_limit": "Информация, запрещённая для распространения среди детей", "ready": true, "genres": [1, 3, 4], "tags": [1]}}, {"model": "games.game", "pk": 92, "fields": {"name": "Ведьмак 3: Дикая охота", "slug": "the-witcher-3-wild-hunt", "main_image": "games/main/1.jpg", "description": "", "price": "1944.00", "quantity": 0, "developer": 5, "publisher": 5, "release_date": "2001-01-01", "age_limit": "", "ready": false, "genres": [], "tags": []}}, {"model": "games.game", "pk": 93, "fields": {"name": "Portal 2", "slug": "portal-2", "main_image": "games/main/1_d4SWlEp.jpg", "description": "", "price": "1689.00", "quantity": 0, "developer": 5, "publisher": 5, "release_date": "2001-01-01", "age_limit": "", "ready": false, "genres": [], "tags": []}}, {"model": "games.game", "pk": 94, "fields": {"name": "God of War", "slug": "god-of-war-2", "main_image": "games/main/1_4g3YYHh.jpg", "description": "", "price": "1229.00", "quantity": 0, "developer": 5, "publisher": 5, "release_date": "2001-01-01", "age_limit": "", "ready": false, "genres": [], "tags": []}}, {"model": "games.game", "pk": 95, "fields": {"name": "Одни из нас", "slug": "the-last-of-us", "main_image": "games/main/1_tq02vQN.jpg", "description": "", "price": "1384.00", "quantity": 0, "developer": 5, "publisher": 5, "release_date": "2001-01-01", "age_limit": "", "ready": false, "genres": [], "tags": []}}, {"model": "games.game", "pk": 96, "fields": {"name": "Red Dead Redemption 2", "slug": "red-dead-redemption-2", "main_image": "games/main/1_M4F4jWq.jpg", "description": "", "price": "1287.00", "quantity": 0, "developer": 5, "publisher": 5, "release_date": "2001-01-01", "age_limit": "", "ready": false, "genres": [], "tags": []}}, {"model": "games.game", "pk": 97, "fields": {"name": "The Legend of Zelda: Breath of the Wild", "slug": "the-legend-of-zelda-breath-of-the-wild", "main_image": "games/main/1_T6rbwhm.jpg", "description": "", "price": "1619.00", "quantity": 0, "developer": 5, "publisher": 5, "release_date": "2001-01-01", "age_limit": "", "ready": false, "genres": [], "tags": []}}, {"model": "games.game", "pk": 98, "fields": {"name": "It Takes Two", "slug": "it-takes-two-2", "main_image": "games/main/1_5xXG0QW.jpg", "description": "", "price": "1890.00", "quantity": 0, "developer": 5, "publisher": 5, "release_date": "2001-01-01", "age_limit": "", "ready": false, "genres": [], "tags": []}}, {"model": "games.game", "pk": 99, "fields": {"name": "Uncharted 4: Путь Вора", "slug": "uncharted-4-a-thiefs-end", "main_image": "games/main/1_5ueyEk8.jpg", "description": "", "price": "1566.00", "quantity": 0, "developer": 5, "publisher": 5, "release_date": "2001-01-01", "age_limit": "", "ready": false, "genres": [], "tags": []}}, {"model": "games.game", "pk": 100, "fields": {"name": "Portal", "slug": "portal", "main_image": "games/main/1_yPUtzAj.jpg", "description": "", "price": "1010.00", "quantity": 0, "developer": 5, "publisher": 5, "release_date": "2001-01-01", "age_limit": "", "ready": false, "genres": [], "tags": []}}, {"model": "games.game", "pk": 101, "fields": {"name": "Mass Effect 2", "slug": "mass-effect-2", "main_image": "games/main/1_LmqAorG.jpg", "description": "", "price": "1132.00", "quantity": 0, "developer": 5, "publisher": 5, "release_date": "2001-01-01", "age_limit": "", "ready": false, "genres": [], "tags": []}}, {"model": "games.game", "pk": 102, "fields": {"name": "Hades", "slug": "hades-2018", "main_image": "games/main/1_iKZBhrQ.jpg", "description": "", "price": "1976.00", "quantity": 0, "developer": 5, "publisher": 5, "release_date": "2001-01-01", "age_limit": "", "ready": false, "genres": [], "tags": []}}, {"model": "games.game", "pk": 103, "fields": {"name": "Disco Elysium", "slug": "disco-elysium", "main_image": "games/main/1_KcFFJ2S.jpg", "description": "", "price": "1342.00", "quantity": 0, "developer": 5, "publisher": 5, "release_date": "2001-01-01", "age_limit": "", "ready": false, "genres": [], "tags": []}}, {"model": "games.game", "pk": 104, "fields": {"name": "Grand Theft Auto: San Andreas", "slug": "grand-theft-auto-san-andreas", "main_image": "games/main/1_hU0mJUR.jpg", "description": "", "price": "1196.00", "quantity": 0, "developer": 5, "publisher": 5, "release_date": "2001-01-01", "age_limit": "", "ready": false, "genres": [], "tags": []}}, {"model": "games.game", "pk": 105, "fields": {"name": "Half-Life 2", "slug": "half-life-2", "main_image": "games/main/1_nQYeIBq.jpg", "description": "", "price": "1168.00", "quantity": 0, "developer": 5, "publisher": 5, "release_date": "2001-01-01", "age_limit": "", "ready": false, "genres": [], "tags": []}}, {"model": "games.game", "pk": 106, "fields": {"name": "Ori and the Will of the Wisps", "slug": "ori-and-the-will-of-the-wisps", "main_image": "games/main/1_O1PjxJJ.jpg", "description": "", "price": "1577.00", "quantity": 0, "developer": 5, "publisher": 5, "release_date": "2001-01-01", "age_limit": "", "ready": false, "genres": [], "tags": []}}, {"model": "games.game", "pk": 107, "fields": {"name": "Resident Evil 2", "slug": "resident-evil-2-2019", "main_image": "games/main/1_2XHhkOK.jpg", "description": "", "price": "1556.00", "quantity": 0, "developer": 5, "publisher": 5, "release_date": "2001-01-01", "age_limit": "", "ready": false, "genres": [], "tags": []}}, {"model": "games.game", "pk": 108, "fields": {"name": "Warcraft 3: Reign of Chaos", "slug": "warcraft-3-reign-of-chaos", "main_image": "games/main/1_lfUJB8s.jpg", "description": "", "price": "1230.00", "quantity": 0, "developer": 5, "publisher": 5, "release_date": "2001-01-01", "age_limit": "", "ready": false, "genres": [], "tags": []}}, {"model": "games.game", "pk": 109, "fields": {"name": "Max Payne", "slug": "max-payne", "main_image": "games/main/1_xw0vosc.jpg", "description": "", "price": "1474.00", "quantity": 0, "developer": 5, "publisher": 5, "release_date": "2001-01-01", "age_limit": "", "ready": false, "genres": [], "tags": []}}, {"model": "games.game", "pk": 110, "fields": {"name": "The Last of Us Part II", "slug": "the-last-of-us-part-2", "main_image": "games/main/1_VXleCht.jpg", "description": "", "price": "1414.00", "quantity": 0, "developer": 5, "publisher": 5, "release_date": "2001-01-01", "age_limit": "", "ready": false, "genres": [], "tags": []}}, {"model": "games.game", "pk": 111, "fields": {"name": "Metal Gear Solid", "slug": "metal-gear-solid-1", "main_image": "games/main/1_h14KqgG.jpg", "description": "", "price": "1900.00", "quantity": 0, "developer": 5, "publisher": 5, "release_date": "2001-01-01", "age_limit": "", "ready": false, "genres": [], "tags": []}}, {"model": "games.game", "pk": 112, "fields": {"name": "Super Mario Odyssey", "slug": "super-mario-odyssey", "main_image": "games/main/1_U0wIP06.jpg", "description": "", "price": "1689.00", "quantity": 0, "developer": 5, "publisher": 5, "release_date": "2001-01-01", "age_limit": "", "ready": false, "genres": [], "tags": []}}, {"model": "games.game", "pk": 113, "fields": {"name": "Призрак Цусимы", "slug": "ghost-of-tsushima", "main_image": "games/main/1_2vRs5uo.jpg", "description": "", "price": "1485.00", "quantity": 0, "developer": 5, "publisher": 5, "release_date": "2001-01-01", "age_limit": "", "ready": false, "genres": [], "tags": []}}, {"model": "games.game", "pk": 115, "fields": {"name": "Elden Ring", "slug": "elden-ring", "main_image": "games/main/1_WkTAJcj.jpg", "description": "", "price": "1583.00", "quantity": 0, "developer": 5, "publisher": 5, "release_date": "2001-01-01", "age_limit": "", "ready": false, "genres": [], "tags": []}}, {"model": "games.game", "pk": 116, "fields": {"name": "Silent Hill 2", "slug": "silent-hill-2", "main_image": "games/main/1_aaAsqYt.jpg", "description": "", "price": "1179.00", "quantity": 0, "developer": 5, "publisher": 5, "release_date": "2001-01-01", "age_limit": "", "ready": false, "genres": [], "tags": []}}, {"model": "games.game", "pk": 117, "fields": {"name": "Grand Theft Auto V", "slug": "grand-theft-auto-v", "main_image": "games/main/1_UUzJy8K.jpg", "description": "", "price": "1947.00", "quantity": 0, "developer": 5, "publisher": 5, "release_date": "2001-01-01", "age_limit": "", "ready": false, "genres": [], "tags": []}}, {"model": "games.game", "pk": 118, "fields": {"name": "Half-Life: Alyx", "slug": "half-life-alyx", "main_image": "games/main/1_5FvNErs.jpg", "description": "", "price": "1526.00", "quantity": 0, "developer": 5, "publisher": 5, "release_date": "2001-01-01", "age_limit": "", "ready": false, "genres": [], "tags": []}}, {"model": "games.game", "pk": 119, "fields": {"name": "Diablo II", "slug": "diablo-2", "main_image": "games/main/1_iMEwztZ.jpg", "description": "", "price": "1627.00", "quantity": 0, "developer": 5, "publisher": 5, "release_date": "2001-01-01", "age_limit": "", "ready": false, "genres": [], "tags": []}}, {"model": "games.game", "pk": 120, "fields": {"name": "Final Fantasy VII (1997)", "slug": "final-fantasy-vii", "main_image": "games/main/1_cTFdCOh.jpg", "description": "", "price": "1127.00", "quantity": 0, "developer": 5, "publisher": 5, "release_date": "2001-01-01", "age_limit": "", "ready": false, "genres": [], "tags": []}}, {"model": "games.game", "pk": 121, "fields": {"name": "Play with Gwen", "slug": "play-with-gwen-by-rnot2000", "main_image": "games/main/1_GAnPQvH.jpg", "description": "", "price": "1689.00", "quantity": 0, "developer": 5, "publisher": 5, "release_date": "2001-01-01", "age_limit": "", "ready": false, "genres": [], "tags": []}}, {"model": "games.game", "pk": 122, "fields": {"name": "MSM: The Lost Landscapes", "slug": "msm-the-lost-landscapes", "main_image": "games/main/1_jx80YJB.jpg", "description": "", "price": "1918.00", "quantity": 0, "developer": 5, "publisher": 5, "release_date": "2001-01-01", "age_limit": "", "ready": false, "genres": [], "tags": []}}, {"model": "games.game", "pk": 123, "fields": {"name": "Герои меча и магии 3: Возрождение Эрафии", "slug": "heroes-of-might-and-magic-3-the-restoration-of-era", "main_image": "games/main/1_EHgp1tv.jpg", "description": "", "price": "1591.00", "quantity": 0, "developer": 5, "publisher": 5, "release_date": "2001-01-01", "age_limit": "", "ready": false, "genres": [], "tags": []}}, {"model": "games.game", "pk": 124, "fields": {"name": "Need For Speed: Most Wanted", "slug": "need-for-speed-most-wanted", "main_image": "games/main/1_D7LnSCd.jpg", "description": "", "price": "1894.00", "quantity": 0, "developer": 5, "publisher": 5, "release_date": "2001-01-01", "age_limit": "", "ready": false, "genres": [], "tags": []}}, {"model": "games.game", "pk": 125, "fields": {"name": "Fallout: New Vegas", "slug": "fallout-new-vegas", "main_image": "games/main/1_RG69Kcr.jpg", "description": "", "price": "1469.00", "quantity": 0, "developer": 5, "publisher": 5, "release_date": "2001-01-01", "age_limit": "", "ready": false, "genres": [], "tags": []}}, {"model": "games.game", "pk": 126, "fields": {"name": "Metal Gear Solid 3: Snake Eater", "slug": "metal-gear-solid-3-snake-eater", "main_image": "games/main/1_J3GSINW.jpg", "description": "", "price": "1423.00", "quantity": 0, "developer": 5, "publisher": 5, "release_date": "2001-01-01", "age_limit": "", "ready": false, "genres": [], "tags": []}}, {"model": "games.game", "pk": 127, "fields": {"name": "Grand Theft Auto: Vice City", "slug": "grand-theft-auto-vice-city", "main_image": "games/main/1_ghfeKxf.jpg", "description": "", "price": "1928.00", "quantity": 0, "developer": 5, "publisher": 5, "release_date": "2001-01-01", "age_limit": "", "ready": false, "genres": [], "tags": []}}, {"model": "games.game", "pk": 128, "fields": {"name": "Super Mario Galaxy", "slug": "super-mario-galaxy", "main_image": "games/main/1_RgpPEn5.jpg", "description": "", "price": "1810.00", "quantity": 0, "developer": 5, "publisher": 5, "release_date": "2001-01-01", "age_limit": "", "ready": false, "genres": [], "tags": []}}, {"model": "games.game", "pk": 129, "fields": {"name": "Мафия", "slug": "mafia-the-city-of-lost-heaven", "main_image": "games/main/1_U7lMyIi.jpg", "description": "", "price": "1291.00", "quantity": 0, "developer": 5, "publisher": 5, "release_date": "2001-01-01", "age_limit": "", "ready": false, "genres": [], "tags": []}}, {"model": "games.game", "pk": 130, "fields": {"name": "Shadow of the Colossus", "slug": "shadow-of-the-colossus-2", "main_image": "games/main/1_AdcSDpl.jpg", "description": "", "price": "1965.00", "quantity": 0, "developer": 5, "publisher": 5, "release_date": "2001-01-01", "age_limit": "", "ready": false, "genres": [], "tags": []}}, {"model": "games.game", "pk": 131, "fields": {"name": "Deus Ex", "slug": "deus-ex", "main_image": "games/main/1_tmvRWs1.jpg", "description": "", "price": "1340.00", "quantity": 0, "developer": 5, "publisher": 5, "release_date": "2001-01-01", "age_limit": "", "ready": false, "genres": [], "tags": []}}, {"model": "games.game", "pk": 132, "fields": {"name": "Max Payne 2: The Fall of Max Payne", "slug": "max-payne-2-the-fall-of-max-payne", "main_image": "games/main/1_9yszLOf.jpg", "description": "", "price": "1879.00", "quantity": 0, "developer": 5, "publisher": 5, "release_date": "2001-01-01", "age_limit": "", "ready": false, "genres": [], "tags": []}}, {"model": "games.game", "pk": 133, "fields": {"name": "Metal Gear Solid 2: Sons of Liberty", "slug": "metal-gear-solid-2-sons-of-liberty", "main_image": "games/main/1_2GWa9fO.jpg", "description": "", "price": "1483.00", "quantity": 0, "developer": 5, "publisher": 5, "release_date": "2001-01-01", "age_limit": "", "ready": false, "genres": [], "tags": []}}, {"model": "games.game", "pk": 134, "fields": {"name": "Ultimate Mortal Kombat 3", "slug": "ultimate-mortal-kombat-3", "main_image": "games/main/1_DgEOLqZ.jpg", "description": "", "price": "1215.00", "quantity": 0, "developer": 5, "publisher": 5, "release_date": "2001-01-01", "age_limit": "", "ready": false, "genres": [], "tags": []}}, {"model": "games.game", "pk": 135, "fields": {"name": "Final Fantasy VII", "slug": "final-fantasy-vii-remake", "main_image": "games/main/1_EQERD91.jpg", "description": "", "price": "1317.00", "quantity": 0, "developer": 5, "publisher": 5, "release_date": "2001-01-01", "age_limit": "", "ready": false, "genres": [], "tags": []}}, {"model": "games.game", "pk": 136, "fields": {"name": "Star Wars: Knights of the Old Republic", "slug": "star-wars-knights-of-the-old-republic-2", "main_image": "games/main/1_SgmqLuK.jpg", "description": "", "price": "1405.00", "quantity": 0, "developer": 5, "publisher": 5, "release_date": "2001-01-01", "age_limit": "", "ready": false, "genres": [], "tags": []}}, {"model": "games.game", "pk": 137, "fields": {"name": "The Legend of Zelda: Ocarina of Time", "slug": "the-legend-of-zelda-ocarina-of-time", "main_image": "games/main/1_erymlGQ.jpg", "description": "", "price": "1657.00", "quantity": 0, "developer": 5, "publisher": 5, "release_date": "2001-01-01", "age_limit": "", "ready": false, "genres": [], "tags": []}}, {"model": "games.game", "pk": 138, "fields": {"name": "Hollow Knight", "slug": "hollow-knight", "main_image": "games/main/1_zrSzfmB.jpg", "description": "", "price": "1995.00", "quantity": 0, "developer": 5, "publisher": 5, "release_date": "2001-01-01", "age_limit": "", "ready": false, "genres": [], "tags": []}}, {"model": "games.game", "pk": 139, "fields": {"name": "Майнкрафт", "slug": "minecraft", "main_image": "games/main/1_ZFJTwtE.jpg", "description": "", "price": "1823.00", "quantity": 0, "developer": 5, "publisher": 5, "release_date": "2001-01-01", "age_limit": "", "ready": false, "genres": [], "tags": []}}, {"model": "games.game", "pk": 140, "fields": {"name": "Red Dead Redemption", "slug": "red-dead-redemption", "main_image": "games/main/1_EO4jesX.jpg", "description": "", "price": "1213.00", "quantity": 0, "developer": 5, "publisher": 5, "release_date": "2001-01-01", "age_limit": "", "ready": false, "genres": [], "tags": []}}, {"model": "games.game", "pk": 141, "fields": {"name": "Resident Evil 4 (2005)", "slug": "resident-evil-4", "main_image": "games/main/1_B8ECAwD.jpg", "description": "", "price": "1431.00", "quantity": 0, "developer": 5, "publisher": 5, "release_date": "2001-01-01", "age_limit": "", "ready": false, "genres": [], "tags": []}}, {"model": "games.game", "pk": 142, "fields": {"name": "Bloodborne: Порождение крови", "slug": "bloodborne", "main_image": "games/main/1_8Vft5as.jpg", "description": "", "price": "1030.00", "quantity": 0, "developer": 5, "publisher": 5, "release_date": "2001-01-01", "age_limit": "", "ready": false, "genres": [], "tags": []}}, {"model": "games.game", "pk": 143, "fields": {"name": "Dark Souls III", "slug": "dark-souls-iii", "main_image": "games/main/1_Kb5dSVv.jpg", "description": "", "price": "1134.00", "quantity": 0, "developer": 5, "publisher": 5, "release_date": "2001-01-01", "age_limit": "", "ready": false, "genres": [], "tags": []}}, {"model": "games.game", "pk": 144, "fields": {"name": "Super Mario World", "slug": "super-mario-world", "main_image": "games/main/1_LxuqevX.jpg", "description": "", "price": "1993.00", "quantity": 0, "developer": 5, "publisher": 5, "release_date": "2001-01-01", "age_limit": "", "ready": false, "genres": [], "tags": []}}, {"model": "games.game", "pk": 145, "fields": {"name": "STEINS;GATE", "slug": "steinsgate", "main_image": "games/main/1_E0jo8eA.jpg", "description": "", "price": "1119.00", "quantity": 0, "developer": 5, "publisher": 5, "release_date": "2001-01-01", "age_limit": "", "ready": false, "genres": [], "tags": []}}, {"model": "games.game", "pk": 146, "fields": {"name": "Jagged Alliance 2. Золотая серия", "slug": "jagged-alliance-2-gold", "main_image": "games/main/1_8aXAZL2.jpg", "description": "", "price": "1375.00", "quantity": 0, "developer": 5, "publisher": 5, "release_date": "2001-01-01", "age_limit": "", "ready": false, "genres": [], "tags": []}}, {"model": "games.game", "pk": 147, "fields": {"name": "StarCraft II", "slug": "starcraft-2", "main_image": "games/main/1_BA5bAIL.jpg", "description": "", "price": "1610.00", "quantity": 0, "developer": 5, "publisher": 5, "release_date": "2001-01-01", "age_limit": "", "ready": false, "genres": [], "tags": []}}, {"model": "games.game", "pk": 148, "fields": {"name": "StarCraft", "slug": "starcraft", "main_image": "games/main/1_vk6zibP.jpg", "description": "", "price": "1483.00", "quantity": 0, "developer": 5, "publisher": 5, "release_date": "2001-01-01", "age_limit": "", "ready": false, "genres": [], "tags": []}}, {"model": "games.game", "pk": 149, "fields": {"name": "Celeste", "slug": "celeste", "main_image": "games/main/1_Me8pATz.jpg", "description": "", "price": "1707.00", "quantity": 0, "developer": 5, "publisher": 5, "release_date": "2001-01-01", "age_limit": "", "ready": false, "genres": [], "tags": []}}, {"model": "games.game", "pk": 150, "fields": {"name": "Return Of The Obra Dinn", "slug": "return-of-the-obra-dinn", "main_image": "games/main/1_bAYosqP.jpg", "description": "", "price": "1805.00", "quantity": 0, "developer": 5, "publisher": 5, "release_date": "2001-01-01", "age_limit": "", "ready": false, "genres": [], "tags": []}}, {"model": "games.game", "pk": 151, "fields": {"name": "Inscryption", "slug": "inscryption", "main_image": "games/main/1_NWhdfcj.jpg", "description": "", "price": "1001.00", "quantity": 0, "developer": 5, "publisher": 5, "release_date": "2001-01-01", "age_limit": "", "ready": false, "genres": [], "tags": []}}, {"model": "games.game", "pk": 152, "fields": {"name": "Devil May Cry 3: Dante's Awakening", "slug": "devil-may-cry-3", "main_image": "games/main/1_baHoqN7.jpg", "description": "", "price": "1952.00", "quantity": 0, "developer": 5, "publisher": 5, "release_date": "2001-01-01", "age_limit": "", "ready": false, "genres": [], "tags": []}}, {"model": "games.game", "pk": 153, "fields": {"name": "Uncharted 2: Among Thieves", "slug": "uncharted-2-among-thieves", "main_image": "games/main/1_PWqJhiG.jpg", "description": "", "price": "1985.00", "quantity": 0, "developer": 5, "publisher": 5, "release_date": "2001-01-01", "age_limit": "", "ready": false, "genres": [], "tags": []}}, {"model": "games.game", "pk": 154, "fields": {"name": "Psychonauts 2", "slug": "psychonauts-2", "main_image": "games/main/1_2JAkdla.jpg", "description": "", "price": "1227.00", "quantity": 0, "developer": 5, "publisher": 5, "release_date": "2001-01-01", "age_limit": "", "ready": false, "genres": [], "tags": []}}, {"model": "games.game", "pk": 155, "fields": {"name": "Shin Megami Tensei: Persona 4", "slug": "shin-megami-tensei-persona-4", "main_image": "games/main/1_5C0G1mM.jpg", "description": "", "price": "1296.00", "quantity": 0, "developer": 5, "publisher": 5, "release_date": "2001-01-01", "age_limit": "", "ready": false, "genres": [], "tags": []}}, {"model": "games.game", "pk": 156, "fields": {"name": "Persona 5", "slug": "persona-5", "main_image": "games/main/1_vBFBqVh.jpg", "description": "", "price": "1063.00", "quantity": 0, "developer": 5, "publisher": 5, "release_date": "2001-01-01", "age_limit": "", "ready": false, "genres": [], "tags": []}}, {"model": "games.game", "pk": 157, "fields": {"name": "Divinity: Original Sin 2", "slug": "divinity-original-sin-2", "main_image": "games/main/1_SXKclKS.jpg", "description": "", "price": "1199.00", "quantity": 0, "developer": 5, "publisher": 5, "release_date": "2001-01-01", "age_limit": "", "ready": false, "genres": [], "tags": []}}, {"model": "games.game", "pk": 158, "fields": {"name": "Need for Speed: Underground 2", "slug": "need-for-speed-underground-2-2", "main_image": "games/main/1_j5GMqcn.jpg", "description": "", "price": "1411.00", "quantity": 0, "developer": 5, "publisher": 5, "release_date": "2001-01-01", "age_limit": "", "ready": false, "genres": [], "tags": []}}, {"model": "games.game", "pk": 159, "fields": {"name": "Batman: Arkham Asylum", "slug": "batman-arkham-asylum", "main_image": "games/main/1_7hQES3y.jpg", "description": "", "price": "1618.00", "quantity": 0, "developer": 5, "publisher": 5, "release_date": "2001-01-01", "age_limit": "", "ready": false, "genres": [], "tags": []}}, {"model": "games.game", "pk": 160, "fields": {"name": "Batman: Аркхем Сити", "slug": "batman-arkham-city-2", "main_image": "games/main/1_KEuOa5A.jpg", "description": "", "price": "1129.00", "quantity": 0, "developer": 5, "publisher": 5, "release_date": "2001-01-01", "age_limit": "", "ready": false, "genres": [], "tags": []}}, {"model": "games.game", "pk": 161, "fields": {"name": "Готика 2", "slug": "gothic-2", "main_image": "games/main/1_ygmRkQA.jpg", "description": "", "price": "1897.00", "quantity": 0, "developer": 5, "publisher": 5, "release_date": "2001-01-01", "age_limit": "", "ready": false, "genres": [], "tags": []}}, {"model": "games.game", "pk": 162, "fields": {"name": "Resident Evil: Village", "slug": "resident-evil-village", "main_image": "games/main/1_dAA1Zuj.jpg", "description": "", "price": "1424.00", "quantity": 0, "developer": 5, "publisher": 5, "release_date": "2001-01-01", "age_limit": "", "ready": false, "genres": [], "tags": []}}, {"model": "games.game", "pk": 164, "fields": {"name": "Katana ZERO", "slug": "katana-zero", "main_image": "games/main/1_ejb1Gdv.jpg", "description": "", "price": "1800.00", "quantity": 0, "developer": 5, "publisher": 5, "release_date": "2001-01-01", "age_limit": "", "ready": false, "genres": [], "tags": []}}, {"model": "games.game", "pk": 165, "fields": {"name": "INSIDE", "slug": "inside", "main_image": "games/main/1_LiDe3ch.jpg", "description": "", "price": "1110.00", "quantity": 0, "developer": 5, "publisher": 5, "release_date": "2001-01-01", "age_limit": "", "ready": false, "genres": [], "tags": []}}, {"model": "games.game", "pk": 166, "fields": {"name": "Стражи Галактики Marvel", "slug": "guardians-of-the-galaxy", "main_image": "games/main/1_CK6UGA8.jpg", "description": "", "price": "1617.00", "quantity": 0, "developer": 5, "publisher": 5, "release_date": "2001-01-01", "age_limit": "", "ready": false, "genres": [], "tags": []}}, {"model": "games.rating", "pk": 11, "fields": {"user": 10, "game": 132, "rating": 4, "comment": ""}}, {"model": "games.rating", "pk": 29, "fields": {"user": 10, "game": 5, "rating": 5, "comment": ""}}, {"model": "games.rating", "pk": 45, "fields": {"user": 12, "game": 5, "rating": 5, "comment": ""}}, {"model": "games.rating", "pk": 51, "fields": {"user": 10, "game": 4, "rating": 5, "comment": ""}}, {"model": "games.rating", "pk": 52, "fields": {"user": 10, "game": 138, "rating": 5, "comment": ""}}, {"model": "games.rating", "pk": 53, "fields": {"user": 10, "game": 97, "rating": 5, "comment": ""}}, {"model": "games.rating", "pk": 54, "fields": {"user": 10, "game": 162, "rating": 5, "comment": ""}}, {"model": "games.rating", "pk": 55, "fields": {"user": 12, "game": 162, "rating": 5, "comment": ""}}, {"model": "games.rating", "pk": 56, "fields": {"user": 10, "game": 1, "rating": 3, "comment": ""}}, {"model": "games.rating", "pk": 57, "fields": {"user": 12, "game": 1, "rating": 4, "comment": ""}}, {"model": "games.rating", "pk": 58, "fields": {"user": 12, "game": 161, "rating": 1, "comment": ""}}, {"model": "games.rating", "pk": 59, "fields": {"user": 12, "game": 160, "rating": 5, "comment": ""}}, {"model": "games.rating", "pk": 60, "fields": {"user": 12, "game": 138, "rating": 5, "comment": ""}}, {"model": "games.rating", "pk": 61, "fields": {"user": 12, "game": 117, "rating": 2, "comment": ""}}, {"model": "games.rating", "pk": 62, "fields": {"user": 12, "game": 166, "rating": 3, "comment": ""}}, {"model": "games.rating", "pk": 63, "fields": {"user": 10, "game": 2, "rating": 5, "comment": ""}}, {"model": "games.rating", "pk": 64, "fields": {"user": 10, "game": 3, "rating": 3, "comment": ""}}, {"model": "games.rating", "pk": 65, "fields": {"user": 10, "game": 145, "rating": 5, "comment": ""}}, {"model": "games.rating", "pk": 66, "fields": {"user": 12, "game": 105, "rating": 5, "comment": ""}}, {"model": "games.gameimage", "pk": 2, "fields": {"game": 1, "image": "sh_1145197_1.jpeg"}}, {"model": "games.gameimage", "pk": 3, "fields": {"game": 1, "image": "sh_1145197_2.jpeg"}}, {"model": "games.gameimage", "pk": 4, "fields": {"game": 1, "image": "logo.png"}}, {"model": "games.gameimage", "pk": 8, "fields": {"game": 4, "image": "rst_FeRs517.jpeg"}}, {"model": "games.gameimage", "pk": 9, "fields": {"game": 4, "image": "rust_2.jpeg"}}, {"model": "games.gameimage", "pk": 10, "fields": {"game": 2, "image": "black_2.jpeg"}}, {"model": "games.gameimage", "pk": 11, "fields": {"game": 2, "image": "black_2_1.jpeg"}}, {"model": "games.gameimage", "pk": 12, "fields": {"game": 5, "image": "warcraft2.png"}}, {"model": "games.gameimage", "pk": 13, "fields": {"game": 5, "image": "warcraf1.jpeg"}}, {"model": "games.gameimage", "pk": 14, "fields": {"game": 7, "image": "lf_1.jpeg"}}, {"model": "games.basketitem", "pk": 110, "fields": {"user": 12, "game": 1, "quantity": 1, "created_timestamp": "2023-03-23T04:05:14.075Z", "in_basket": true}}, {"model": "games.basketitem", "pk": 116, "fields": {"user": 10, "game": 92, "quantity": 1, "created_timestamp": "2023-03-23T05:21:03.479Z", "in_basket": true}}, {"model": "games.basketitem", "pk": 117, "fields": {"user": 10, "game": 92, "quantity": 1, "created_timestamp": "2023-03-23T05:21:04.847Z", "in_basket": true}}, {"model": "games.basketitem", "pk": 118, "fields": {"user": 10, "game": 105, "quantity": 1, "created_timestamp": "2023-03-23T05:29:58.857Z", "in_basket": true}}, {"model": "orders.order", "pk": 46, "fields": {"first_name": "Kirill", "last_name": "Li", "email": "kirill.301522@gmail.com", "address": "Край  Хабаровский, гор. Хабаровск, ул. Владивостокская 44а, кв 48", "basket_history": {"total_sum": 4689.0, "purchased_items": [{"sum": 3000.0, "price": 3000.0, "quantity": 1, "product_name": "The Last of Us Remastered"}, {"sum": 1689.0, "price": 1689.0, "quantity": 1, "product_name": "Portal 2"}]}, "created": "2023-03-22T13:25:16.915Z", "status": 1, "initiator": 10}}, {"model": "orders.order", "pk": 47, "fields": {"first_name": "Kirill", "last_name": "Li", "email": "kirill.301522@gmail.com", "address": "Край  Хабаровский, гор. Хабаровск, ул. Владивостокская 44а, кв 48", "basket_history": {"total_sum": 1119.0, "purchased_items": [{"sum": 1119.0, "price": 1119.0, "quantity": 1, "product_name": "STEINS;GATE"}]}, "created": "2023-03-22T13:41:17.227Z", "status": 1, "initiator": 10}}, {"model": "orders.order", "pk": 48, "fields": {"first_name": "Kirill", "last_name": "Кирилл", "email": "kirill.301522@gmail.com", "address": "Ул владивостокская 44а", "basket_history": {"total_sum": 7776.0, "purchased_items": [{"sum": 1944.0, "price": 1944.0, "quantity": 1, "product_name": "Ведьмак 3: Дикая охота"}, {"sum": 1944.0, "price": 1944.0, "quantity": 1, "product_name": "Ведьмак 3: Дикая охота"}, {"sum": 3888.0, "price": 1944.0, "quantity": 2, "product_name": "Ведьмак 3: Дикая охота"}]}, "created": "2023-03-22T14:08:23.883Z", "status": 1, "initiator": 12}}]